{"mc_2018_ZpToHGamma": {"n_events": 14368.0, "triggered": 13410.6337890625, "b-veto": 7406.1865234375, "muon-veto": 7165.2666015625, "electron-veto": 6811.46044921875, "photon": 5953.740234375, "AK8jet": 4397.2900390625, "photon-jet_delta_phi": 4101.5302734375}}