{"mc_2018_ZpToHGamma": {"n_events": 14365.591796875, "triggered": 13467.6044921875, "b-veto": 7450.16650390625, "muon-veto": 7208.24658203125, "electron-veto": 6852.44091796875, "photon": 5957.740234375, "AK8jet": 4398.2900390625}}