{"mc_2018_ZpToHGamma": {"n_events": 20084.15234375, "triggered": 18904.19921875, "b-veto": 10609.5146484375, "muon-veto": 10208.6640625, "electron-veto": 9649.013671875, "photon": 8448.7041015625, "AK8jet": 6307.4541015625}}