{"mc_2018_ZpToHGamma": {"n_events": 20090.0, "triggered": 18829.240234375, "b-veto": 10549.5244140625, "muon-veto": 10151.673828125, "electron-veto": 9598.0244140625, "photon": 8437.7041015625, "AK8jet": 6305.4541015625, "photon-jet_delta_phi": 5849.74755859375}}