{"mc_2018_ZpToHGamma": {"n_events": 14368.0, "triggered": 13410.6337890625, "photon": 11123.7783203125, "AK8jet": 8764.55859375, "photon-jet_cleaning": 8747.55859375}}