{"mc_2018_ZpToHGamma": {"n_events": 20090.0, "triggered": 18829.240234375, "photon": 15733.1435546875, "AK8jet": 12412.322265625, "photon-jet_cleaning": 12387.33203125}}