{"mc_2018_TTGJets": {"n_events": 1164040.625, "triggered": 56138.126953125, "b-veto": 9976.9892578125, "muon-veto": 8817.690673828125, "electron-veto": 7254.39501953125, "photon": 3653.5452880859375, "AK8jet": 1738.9469604492188, "photon-jet_delta_phi": 474.2582702636719, "any prompt photon": 474.2582702636719}}