{"mc_2018_TTGJets": {"n_events": 66270.0, "triggered": 35112.67578125, "b-veto": 6024.8369140625, "muon-veto": 5410.05712890625, "electron-veto": 4514.2362060546875, "photon": 3372.50341796875, "AK8jet": 1633.5562744140625, "photon-jet_delta_phi": 474.2582702636719, "any prompt photon": 474.2582702636719}}