{"mc_2018_TTGJets": {"n_events": 7443.0, "triggered": 4057.54296875, "b-veto": 860.69091796875, "muon-veto": 825.5606689453125, "electron-veto": 649.9094848632812, "photon": 544.5187377929688, "AK8jet": 193.21632385253906, "photon-jet_delta_phi": 105.39073181152344, "any prompt photon": 105.39073181152344}}