{"mc_2018_TTGJets": {"n_events": 130737.203125, "triggered": 6411.26953125, "b-veto": 1545.730712890625, "muon-veto": 1422.77490234375, "electron-veto": 1001.2119140625, "photon": 597.214111328125, "AK8jet": 228.34657287597656, "photon-jet_delta_phi": 105.39073181152344, "any prompt photon": 105.39073181152344}}