{"mc_2018_TTGJets": {"n_events": 6958.0, "triggered": 3723.8056640625, "b-veto": 843.1258544921875, "muon-veto": 720.1699829101562, "electron-veto": 491.82342529296875, "photon": 316.17218017578125, "AK8jet": 122.95584106445312, "photon-jet_delta_phi": 0.0, "any prompt photon": 0.0}}