{"mc_2018_TTGJets": {"n_events": 122218.125, "triggered": 5796.490234375, "b-veto": 1334.94921875, "muon-veto": 1053.9072265625, "electron-veto": 860.6909790039062, "photon": 368.8675537109375, "AK8jet": 140.52096557617188}}