{"mc_2018_TTGJets": {"n_events": 39958.0, "triggered": 21851.01171875, "b-veto": 4707.45263671875, "muon-veto": 3917.02197265625, "electron-veto": 3548.154296875, "photon": 2511.8125, "AK8jet": 1370.0794677734375, "photon-jet_delta_phi": 456.69317626953125, "any prompt photon": 456.69317626953125}}