{"mc_2018_TTGJets": {"n_events": 701867.1875, "triggered": 35095.109375, "b-veto": 7605.697265625, "muon-veto": 6569.35546875, "electron-veto": 5638.404296875, "photon": 2652.33349609375, "AK8jet": 1387.64453125}}