{"mc_2018_TTGJets": {"n_events": 216630.65625, "triggered": 11136.287109375, "b-veto": 2230.7705078125, "muon-veto": 1914.59814453125, "electron-veto": 1247.1236572265625, "photon": 895.8211669921875, "AK8jet": 456.69317626953125, "photon-jet_delta_phi": 193.21633911132812, "any prompt photon": 193.21633911132812}}