{"mc_2018_TTGJets": {"n_events": 12333.0, "triggered": 7588.1328125, "b-veto": 1651.1214599609375, "muon-veto": 1545.730712890625, "electron-veto": 1053.9072265625, "photon": 948.5166015625, "AK8jet": 456.69317626953125, "photon-jet_delta_phi": 193.21633911132812, "any prompt photon": 193.21633911132812}}