{"mc_2018_TTGJets": {"n_events": 11100.0, "triggered": 6218.052734375, "b-veto": 1299.8189697265625, "muon-veto": 1317.384033203125, "electron-veto": 983.646728515625, "photon": 843.1258544921875, "AK8jet": 368.8675537109375, "photon-jet_delta_phi": 35.13024139404297, "any prompt photon": 35.13024139404297}}