{"mc_2018_TTGJets": {"n_events": 194972.84375, "triggered": 9731.0771484375, "b-veto": 1914.59814453125, "muon-veto": 1826.772705078125, "electron-veto": 1352.514404296875, "photon": 860.6909790039062, "AK8jet": 351.30242919921875, "photon-jet_delta_phi": 35.13024139404297, "any prompt photon": 35.13024139404297}}