{"mc_2018_TTGJets": {"n_events": 3870263.9375, "triggered": 186717.23828125, "b-veto": 38151.44384765625, "muon-veto": 31915.82666015625, "electron-veto": 25082.99267578125, "photon": 12436.106201171875, "AK8jet": 5410.0574951171875, "photon-jet_delta_phi": 1405.2096710205078, "any prompt photon": 1405.2096710205078}}