{"mc_2018_TTGJets": {"n_events": 220338.0, "triggered": 117721.443359375, "b-veto": 23625.088134765625, "muon-veto": 19444.58935546875, "electron-veto": 15685.653564453125, "photon": 11329.5029296875, "AK8jet": 4935.799072265625, "photon-jet_delta_phi": 1264.6886901855469, "any prompt photon": 1264.6886901855469}}