{"mc_2018_TTGJets": {"n_events": 417119.0, "triggered": 20287.71484375, "b-veto": 4039.977783203125, "muon-veto": 3776.5009765625, "electron-veto": 2986.07080078125, "photon": 1106.6026611328125, "AK8jet": 509.38848876953125}}