{"mc_2018_TTGJets": {"n_events": 23747.0, "triggered": 13612.96875, "b-veto": 2546.942626953125, "muon-veto": 2336.1611328125, "electron-veto": 1651.121337890625, "photon": 1071.472412109375, "AK8jet": 509.38848876953125, "photon-jet_delta_phi": 105.39071655273438, "any prompt photon": 105.39071655273438}}