{"mc_2018_TTGJets": {"n_events": 93727.4921875, "triggered": 4777.712890625, "b-veto": 1194.42822265625, "muon-veto": 1071.472412109375, "electron-veto": 860.6909790039062, "photon": 403.997802734375, "AK8jet": 245.91168212890625, "photon-jet_delta_phi": 105.3907241821289, "any prompt photon": 105.3907241821289}}