{"mc_2018_TTGJets": {"n_events": 5336.0, "triggered": 3126.591796875, "b-veto": 737.735107421875, "muon-veto": 614.7792358398438, "electron-veto": 544.5187377929688, "photon": 368.8675537109375, "AK8jet": 228.34658813476562, "photon-jet_delta_phi": 122.95585632324219, "any prompt photon": 122.95585632324219}}