{"mc_2018_TTGJets": {"n_events": 1245542.75, "triggered": 59317.4140625, "b-veto": 11715.935546875, "muon-veto": 10539.0732421875, "electron-veto": 8132.6513671875, "photon": 4110.23828125, "AK8jet": 1809.20751953125, "photon-jet_delta_phi": 439.1280212402344, "any prompt photon": 439.1280212402344}}