{"mc_2018_TTGJets": {"n_events": 70910.0, "triggered": 35955.8046875, "b-veto": 7026.048583984375, "muon-veto": 6165.357421875, "electron-veto": 4918.23388671875, "photon": 3794.0662841796875, "AK8jet": 1633.5562744140625, "photon-jet_delta_phi": 403.9977722167969, "any prompt photon": 403.9977722167969}}