{"mc_2018_TTGJets": {"n_events": 445188.0625, "triggered": 21833.4453125, "b-veto": 4022.41259765625, "muon-veto": 3179.287109375, "electron-veto": 2634.76806640625, "photon": 1370.0794677734375, "AK8jet": 702.6048583984375}}