{"mc_2018_TTGJets": {"n_events": 25345.0, "triggered": 14315.57421875, "b-veto": 2441.552001953125, "muon-veto": 2055.119140625, "electron-veto": 1809.20751953125, "photon": 1211.993408203125, "AK8jet": 649.9094848632812, "photon-jet_delta_phi": 193.21632385253906, "any prompt photon": 193.21632385253906}}