{"mc_2018_TTGJets": {"n_events": 388505.375, "triggered": 20639.017578125, "b-veto": 4039.97802734375, "muon-veto": 3917.022216796875, "electron-veto": 3337.373046875, "photon": 1809.20751953125, "AK8jet": 860.6909790039062}}