{"mc_2018_TTGJets": {"n_events": 22118.0, "triggered": 13771.0546875, "b-veto": 2968.505615234375, "muon-veto": 2810.41943359375, "electron-veto": 2441.5517578125, "photon": 1721.3819580078125, "AK8jet": 807.99560546875, "photon-jet_delta_phi": 526.95361328125, "any prompt photon": 526.95361328125}}