{"mc_2018_TTGJets": {"n_events": 12197.0, "triggered": 7008.4833984375, "b-veto": 1264.688720703125, "muon-veto": 1106.6025390625, "electron-veto": 948.5165405273438, "photon": 685.0397338867188, "AK8jet": 439.1280212402344, "photon-jet_delta_phi": 263.476806640625, "any prompt photon": 263.476806640625}}