{"mc_2018_TTGJets": {"n_events": 214241.796875, "triggered": 10837.6796875, "b-veto": 1844.3377685546875, "muon-veto": 1686.251708984375, "electron-veto": 1405.209716796875, "photon": 755.3002319335938, "AK8jet": 474.2582702636719, "photon-jet_delta_phi": 281.04193115234375, "any prompt photon": 281.04193115234375}}