{"mc_2018_TTGJets": {"n_events": 208643.0, "triggered": 111643.9140625, "b-veto": 20709.278564453125, "muon-veto": 16792.256103515625, "electron-veto": 12769.843017578125, "photon": 10222.900634765625, "AK8jet": 4198.063934326172, "photon-jet_delta_phi": 1159.2980194091797, "any prompt photon": 1159.2980194091797}}