{"mc_2018_TTGJets": {"n_events": 3664839.75, "triggered": 178760.23828125, "b-veto": 34761.37451171875, "muon-veto": 28350.10693359375, "electron-veto": 22044.22705078125, "photon": 11259.242431640625, "AK8jet": 4830.408355712891}}