{"mc_2018_TTGJets": {"n_events": 1824.0, "triggered": 667.474609375, "b-veto": -193.21633911132812, "muon-veto": -175.65121459960938, "electron-veto": -193.21633911132812, "photon": -140.52096557617188, "AK8jet": -105.3907241821289, "photon-jet_delta_phi": -17.565120697021484, "any prompt photon": -17.565120697021484}}