{"mc_2018_TTGJets": {"n_events": 32038.779296875, "triggered": 1282.25390625, "b-veto": -70.26048278808594, "muon-veto": -105.3907470703125, "electron-veto": -175.65121459960938, "photon": -105.39073181152344, "AK8jet": -70.26048278808594, "photon-jet_delta_phi": -17.565120697021484, "any prompt photon": -17.565120697021484}}