{"mc_2018_TTGJets": {"n_events": 29520.0, "triggered": 16827.38671875, "b-veto": 3372.50341796875, "muon-veto": 2757.72412109375, "electron-veto": 2125.3798828125, "photon": 1738.947021484375, "AK8jet": 526.95361328125, "photon-jet_delta_phi": 228.34657287597656, "any prompt photon": 228.34657287597656}}