{"mc_2018_TTGJets": {"n_events": 518522.40625, "triggered": 25557.251953125, "b-veto": 5269.53662109375, "muon-veto": 4479.10546875, "electron-veto": 3794.066162109375, "photon": 2055.119140625, "AK8jet": 562.0838623046875}}