{"mc_2018_TTGJets": {"n_events": 93306.0, "triggered": 51940.0625, "b-veto": 10574.203125, "muon-veto": 8747.430419921875, "electron-veto": 7008.483642578125, "photon": 5374.9271240234375, "AK8jet": 2019.989013671875, "photon-jet_delta_phi": 491.8234100341797, "any prompt photon": 491.8234100341797}}