{"mc_2018_TTGJets": {"n_events": 1638931.3125, "triggered": 82503.373046875, "b-veto": 16686.865234375, "muon-veto": 13894.01123046875, "electron-veto": 10802.549560546875, "photon": 5796.489990234375, "AK8jet": 2178.0750427246094, "photon-jet_delta_phi": 562.0838928222656, "any prompt photon": 562.0838928222656}}