{"mc_2018_TTGJets": {"n_events": 54625.0, "triggered": 28069.0634765625, "b-veto": 6622.05078125, "muon-veto": 5462.7529296875, "electron-veto": 4514.236083984375, "photon": 3442.7637939453125, "AK8jet": 1756.51220703125, "photon-jet_delta_phi": 421.56288146972656, "any prompt photon": 421.56288146972656}}