{"mc_2018_TTGJets": {"n_events": 959494.75, "triggered": 45599.0546875, "b-veto": 10012.119140625, "muon-veto": 8378.56298828125, "electron-veto": 7026.048583984375, "photon": 3688.675537109375, "AK8jet": 1879.4680786132812, "photon-jet_delta_phi": 491.82337951660156, "any prompt photon": 491.82337951660156}}