{"mc_2018_TTGJets": {"n_events": 4924715.625, "triggered": 241011.033203125, "b-veto": 49375.556640625, "muon-veto": 41172.64404296875, "electron-veto": 31160.525146484375, "photon": 16651.734619140625, "AK8jet": 7131.439270019531}}