{"mc_2018_TTGJets": {"n_events": 280369.0, "triggered": 155644.54296875, "b-veto": 31740.173583984375, "muon-veto": 26119.335205078125, "electron-veto": 20393.106201171875, "photon": 15281.655639648438, "AK8jet": 6692.311187744141, "photon-jet_delta_phi": 1668.6864776611328, "any prompt photon": 1668.6864776611328}}