{"mc_2018_TTGJets": {"n_events": 306370.875, "triggered": 15334.3515625, "b-veto": 3038.76611328125, "muon-veto": 2423.98681640625, "electron-veto": 1897.032958984375, "photon": 1106.6026611328125, "AK8jet": 281.04193115234375, "photon-jet_delta_phi": 158.08609008789062, "any prompt photon": 158.08609008789062}}