{"mc_2018_TTGJets": {"n_events": 17442.0, "triggered": 9854.033203125, "b-veto": 2090.24951171875, "muon-veto": 1703.816650390625, "electron-veto": 1475.47021484375, "photon": 1018.7770385742188, "AK8jet": 333.7373046875, "photon-jet_delta_phi": 158.08609008789062, "any prompt photon": 158.08609008789062}}