{"mc_2018_TTGJets": {"n_events": 249976.0, "triggered": 139554.888671875, "b-veto": 25750.468505859375, "muon-veto": 21517.27392578125, "electron-veto": 17529.991455078125, "photon": 12506.366455078125, "AK8jet": 5743.794677734375, "photon-jet_delta_phi": 1809.2074890136719, "any prompt photon": 1809.2074890136719}}