{"mc_2018_TTGJets": {"n_events": 4390858.9375, "triggered": 219950.453125, "b-veto": 42050.89990234375, "muon-veto": 36166.5859375, "electron-veto": 28455.496826171875, "photon": 13876.445922851562, "AK8jet": 6341.0087890625}}