{"mc_2018_TTGJets": {"n_events": 484165.03125, "triggered": 25785.59765625, "b-veto": 5814.05517578125, "muon-veto": 4707.45263671875, "electron-veto": 3495.458984375, "photon": 2125.379638671875, "AK8jet": 878.256103515625}}