{"mc_2018_TTGJets": {"n_events": 27564.0, "triggered": 16388.2578125, "b-veto": 3881.8916015625, "muon-veto": 3003.6357421875, "electron-veto": 2336.1611328125, "photon": 1984.858642578125, "AK8jet": 807.99560546875, "photon-jet_delta_phi": 281.04193115234375, "any prompt photon": 281.04193115234375}}