{"mc_2018_TTGJets": {"n_events": 1253411.9375, "triggered": 57841.943359375, "b-veto": 12225.32470703125, "muon-veto": 10521.5078125, "electron-veto": 7851.609619140625, "photon": 4145.368408203125, "AK8jet": 2090.2493896484375, "photon-jet_delta_phi": 456.6931610107422, "any prompt photon": 456.6931610107422}}