{"mc_2018_TTGJets": {"n_events": 71358.0, "triggered": 34620.8544921875, "b-veto": 7271.960205078125, "muon-veto": 6253.183349609375, "electron-veto": 4760.14794921875, "photon": 3565.7196044921875, "AK8jet": 1897.0330810546875, "photon-jet_delta_phi": 439.12803649902344, "any prompt photon": 439.12803649902344}}