{"mc_2018_TTGJets": {"n_events": 47355.0, "triggered": 23256.21875, "b-veto": 4180.4990234375, "muon-veto": 3671.1103515625, "electron-veto": 2740.158935546875, "photon": 1984.858642578125, "AK8jet": 439.1280212402344, "photon-jet_delta_phi": 0.0, "any prompt photon": 0.0}}