{"mc_2018_TTGJets": {"n_events": 831796.4375, "triggered": 38766.22265625, "b-veto": 8185.3466796875, "muon-veto": 7166.5693359375, "electron-veto": 5269.53662109375, "photon": 2476.68212890625, "AK8jet": 614.7792358398438}}