{"mc_2018_TTGJets": {"n_events": 16756.0, "triggered": 8905.5166015625, "b-veto": 1633.5562744140625, "muon-veto": 1334.94921875, "electron-veto": 948.5166015625, "photon": 614.7792358398438, "AK8jet": 105.39071655273438, "photon-jet_delta_phi": -52.69536209106445, "any prompt photon": -52.69536209106445}}