{"mc_2018_TTGJets": {"n_events": 294321.1875, "triggered": 13402.1875, "b-veto": 2476.68212890625, "muon-veto": 2125.379638671875, "electron-veto": 1440.3399658203125, "photon": 632.3443603515625, "AK8jet": 140.52096557617188, "photon-jet_delta_phi": -52.69536209106445, "any prompt photon": -52.69536209106445}}