{"mc_2018_TTGJets": {"n_events": 759322.6875, "triggered": 38818.91796875, "b-veto": 7851.609375, "muon-veto": 6516.66015625, "electron-veto": 5093.884765625, "photon": 2125.379638671875, "AK8jet": 685.0397338867188, "photon-jet_delta_phi": 105.39073181152344, "any prompt photon": 105.39073181152344}}