{"mc_2018_TTGJets": {"n_events": 43229.0, "triggered": 24801.951171875, "b-veto": 4725.017578125, "muon-veto": 3723.8056640625, "electron-veto": 3038.76611328125, "photon": 1897.0330810546875, "AK8jet": 702.6048583984375, "photon-jet_delta_phi": 122.95585632324219, "any prompt photon": 122.95585632324219}}