{"mc_2018_TTGJets": {"n_events": 686515.25, "triggered": 31810.43359375, "b-veto": 5146.58056640625, "muon-veto": 4479.1064453125, "electron-veto": 3390.068359375, "photon": 1247.12353515625, "AK8jet": 509.3885192871094, "photon-jet_delta_phi": 263.476806640625, "any prompt photon": 263.476806640625}}