{"mc_2018_TTGJets": {"n_events": 39084.0, "triggered": 19163.546875, "b-veto": 2898.2451171875, "muon-veto": 2617.203125, "electron-veto": 1897.0330810546875, "photon": 1176.86328125, "AK8jet": 474.2582702636719, "photon-jet_delta_phi": 245.91171264648438, "any prompt photon": 245.91171264648438}}