{"mc_2018_TTGJets": {"n_events": 2573185.0, "triggered": 125046.099609375, "b-veto": 27401.58935546875, "muon-veto": 22694.1376953125, "electron-veto": 18004.25, "photon": 8343.432373046875, "AK8jet": 2968.5054931640625, "photon-jet_delta_phi": 333.73731994628906, "any prompt photon": 333.73731994628906}}