{"mc_2018_TTGJets": {"n_events": 146494.0, "triggered": 77585.142578125, "b-veto": 16405.8232421875, "muon-veto": 13208.97119140625, "electron-veto": 10925.50537109375, "photon": 7570.5673828125, "AK8jet": 2634.7682495117188, "photon-jet_delta_phi": 316.1721954345703, "any prompt photon": 316.1721954345703}}