{"mc_2018_TTGJets": {"n_events": 269677.34375, "triggered": 12295.5849609375, "b-veto": 2248.33544921875, "muon-veto": 1809.20751953125, "electron-veto": 1352.514404296875, "photon": 720.1699829101562, "AK8jet": 351.30242919921875, "photon-jet_delta_phi": 70.26048278808594, "any prompt photon": 70.26048278808594}}