{"mc_2018_TTGJets": {"n_events": 15353.0, "triggered": 8431.2578125, "b-veto": 1545.730712890625, "muon-veto": 1405.209716796875, "electron-veto": 966.0817260742188, "photon": 720.1699829101562, "AK8jet": 351.30242919921875, "photon-jet_delta_phi": 70.26048278808594, "any prompt photon": 70.26048278808594}}