{"mc_2018_TTGJets": {"n_events": 50640.24609375, "triggered": 2213.205322265625, "b-veto": 351.30242919921875, "muon-veto": 316.17218017578125, "electron-veto": 210.78146362304688, "photon": 158.08609008789062, "AK8jet": 105.39073181152344}}