{"mc_2018_TTGJets": {"n_events": 2883.0, "triggered": 1493.0352783203125, "b-veto": 245.91168212890625, "muon-veto": 263.476806640625, "electron-veto": 175.65121459960938, "photon": 158.08609008789062, "AK8jet": 122.95585632324219, "photon-jet_delta_phi": 52.69536209106445, "any prompt photon": 52.69536209106445}}