{"mc_2018_TTGJets": {"n_events": 774639.5, "triggered": 38116.31640625, "b-veto": 7500.306640625, "muon-veto": 6042.4013671875, "electron-veto": 5041.1904296875, "photon": 2792.8544921875, "AK8jet": 1264.688720703125, "photon-jet_delta_phi": 351.30242919921875, "any prompt photon": 351.30242919921875}}