{"mc_2018_TTGJets": {"n_events": 44101.0, "triggered": 24468.212890625, "b-veto": 4654.75732421875, "muon-veto": 3741.370849609375, "electron-veto": 3214.417236328125, "photon": 2494.247314453125, "AK8jet": 1159.298095703125, "photon-jet_delta_phi": 333.7373046875, "any prompt photon": 333.7373046875}}