{"mc_2018_TTGJets": {"n_events": 36613.0, "triggered": 20603.88671875, "b-veto": 4760.1474609375, "muon-veto": 3776.5009765625, "electron-veto": 3144.15673828125, "photon": 2160.510009765625, "AK8jet": 1089.03759765625, "photon-jet_delta_phi": 210.7814483642578, "any prompt photon": 210.7814483642578}}