{"mc_2018_TTGJets": {"n_events": 643111.75, "triggered": 31353.7421875, "b-veto": 6973.353515625, "muon-veto": 5691.099609375, "electron-veto": 4830.408203125, "photon": 2248.33544921875, "AK8jet": 1036.3421630859375, "photon-jet_delta_phi": 245.91168212890625, "any prompt photon": 245.91168212890625}}