{"mc_2018_TTGJets": {"n_events": 117194.5, "triggered": 6516.66015625, "b-veto": 1229.55859375, "muon-veto": 913.3863525390625, "electron-veto": 755.3001708984375, "photon": 614.7792358398438, "AK8jet": 175.65121459960938, "photon-jet_delta_phi": 0.0, "any prompt photon": 0.0}}