{"mc_2018_TTGJets": {"n_events": 6672.0, "triggered": 4110.23828125, "b-veto": 1053.9072265625, "muon-veto": 860.6909790039062, "electron-veto": 772.8653564453125, "photon": 579.6490478515625, "AK8jet": 175.65121459960938, "photon-jet_delta_phi": 0.0, "any prompt photon": 0.0}}