{"mc_2018_TTGJets": {"n_events": 58485.0, "triggered": 33426.42578125, "b-veto": 6745.00634765625, "muon-veto": 5515.4482421875, "electron-veto": 4321.0198974609375, "photon": 3073.896240234375, "AK8jet": 1528.16552734375, "photon-jet_delta_phi": 175.65120697021484, "any prompt photon": 175.65120697021484}}