{"mc_2018_TTGJets": {"n_events": 1027296.125, "triggered": 50921.287109375, "b-veto": 10907.94091796875, "muon-veto": 9098.73291015625, "electron-veto": 7008.483642578125, "photon": 3354.938232421875, "AK8jet": 1493.0353393554688}}