{"mc_2018_TTGJets": {"n_events": 120900.734375, "triggered": 6762.5712890625, "b-veto": 1580.8609619140625, "muon-veto": 1387.64453125, "electron-veto": 1282.25390625, "photon": 807.99560546875, "AK8jet": 333.7373046875}}