{"mc_2018_TTGJets": {"n_events": 6883.0, "triggered": 4039.97802734375, "b-veto": 1018.7770385742188, "muon-veto": 948.5165405273438, "electron-veto": 948.5166015625, "photon": 667.474609375, "AK8jet": 316.17218017578125, "photon-jet_delta_phi": 140.52098083496094, "any prompt photon": 140.52098083496094}}