{"mc_2018_TTGJets": {"n_events": 1879819.375, "triggered": 94254.447265625, "b-veto": 19216.2431640625, "muon-veto": 16107.21630859375, "electron-veto": 12295.5849609375, "photon": 6095.096923828125, "AK8jet": 2301.0309448242188}}