{"mc_2018_TTGJets": {"n_events": 107020.0, "triggered": 59422.8046875, "b-veto": 11557.85009765625, "muon-veto": 9994.553955078125, "electron-veto": 7763.78369140625, "photon": 5568.1435546875, "AK8jet": 2107.8145751953125, "photon-jet_delta_phi": 509.3885192871094, "any prompt photon": 509.3885192871094}}