{"mc_2018_TTGJets": {"n_events": 44101.0, "triggered": 24468.212890625, "photon": 16265.302734375, "AK8jet": 6903.0927734375, "photon-jet_cleaning": 5849.185546875, "any prompt photon": 5849.185546875}}