{"mc_2018_TTGJets": {"n_events": 6672.0, "triggered": 4110.23828125, "photon": 2634.76806640625, "AK8jet": 966.0816650390625, "photon-jet_cleaning": 860.6909790039062, "any prompt photon": 860.6909790039062}}