{"mc_2018_TTGJets": {"n_events": 39084.0, "triggered": 19163.546875, "photon": 12945.494140625, "AK8jet": 5357.36181640625, "photon-jet_cleaning": 4619.626953125, "any prompt photon": 4619.626953125}}