{"mc_2018_TTGJets": {"n_events": 23747.0, "triggered": 13612.96875, "photon": 8817.6904296875, "AK8jet": 4039.97802734375, "photon-jet_cleaning": 3548.154541015625, "any prompt photon": 3548.154541015625}}