{"mc_2018_TTGJets": {"n_events": 11100.0, "triggered": 6218.052734375, "photon": 4602.0615234375, "AK8jet": 1809.20751953125, "photon-jet_cleaning": 1493.035400390625, "any prompt photon": 1493.035400390625}}