{"mc_2018_TTGJets": {"n_events": 54625.0, "triggered": 28069.0634765625, "photon": 18109.640625, "AK8jet": 7834.044189453125, "photon-jet_cleaning": 6569.35546875, "any prompt photon": 6569.35546875}}