{"mc_2018_TTGJets": {"n_events": 280369.0, "triggered": 155644.54296875, "photon": 105812.291015625, "AK8jet": 45827.40283203125, "photon-jet_cleaning": 39521.524169921875, "any prompt photon": 39521.524169921875}}