{"mc_2018_TTGJets": {"n_events": 71358.0, "triggered": 34620.8544921875, "photon": 22834.6572265625, "AK8jet": 10609.3330078125, "photon-jet_cleaning": 9397.33984375}}