{"mc_2018_TTGJets": {"n_events": 249976.0, "triggered": 139554.888671875, "photon": 93464.01171875, "AK8jet": 41594.20703125, "photon-jet_cleaning": 34884.33203125}}