{"mc_2018_TTGJets": {"n_events": 70910.0, "triggered": 35955.8046875, "photon": 23625.0888671875, "AK8jet": 9625.6865234375, "photon-jet_cleaning": 8554.21435546875, "any prompt photon": 8554.21435546875}}