{"mc_2018_TTGJets": {"n_events": 93306.0, "triggered": 51940.0625, "photon": 34427.6376953125, "AK8jet": 14280.44384765625, "photon-jet_cleaning": 12436.106201171875, "any prompt photon": 12436.106201171875}}