{"mc_2018_TTGJets": {"n_events": 66270.0, "triggered": 35112.67578125, "photon": 23168.39453125, "AK8jet": 10258.03076171875, "photon-jet_cleaning": 9221.689453125, "any prompt photon": 9221.689453125}}