{"mc_2018_TTGJets": {"n_events": 220338.0, "triggered": 117721.443359375, "photon": 75582.7158203125, "AK8jet": 34726.24560546875, "photon-jet_cleaning": 29930.96728515625}}