{"mc_2018_TTGJets": {"n_events": 58485.0, "triggered": 33426.42578125, "photon": 20603.8876953125, "AK8jet": 9414.9052734375, "photon-jet_cleaning": 8115.0859375, "any prompt photon": 8115.0859375}}