{"mc_2018_TTGJets": {"n_events": 47355.0, "triggered": 23256.21875, "photon": 15106.00390625, "AK8jet": 6463.96484375, "photon-jet_cleaning": 5603.2734375}}