{"mc_2018_TTGJets": {"n_events": 27564.0, "triggered": 16388.2578125, "photon": 11715.9365234375, "AK8jet": 5199.2763671875, "photon-jet_cleaning": 4408.84521484375}}