{"mc_2018_TTGJets": {"n_events": 25345.0, "triggered": 14315.57421875, "photon": 9397.33984375, "AK8jet": 4900.6689453125, "photon-jet_cleaning": 4268.32421875, "any prompt photon": 4268.32421875}}