{"mc_2018_TTGJets": {"n_events": 22118.0, "triggered": 13771.0546875, "photon": 8800.126953125, "AK8jet": 3934.5869140625, "photon-jet_cleaning": 3548.154541015625}}