{"mc_2018_TTGJets": {"n_events": 39958.0, "triggered": 21851.01171875, "photon": 15299.220703125, "AK8jet": 7113.8740234375, "photon-jet_cleaning": 6042.40185546875}}