{"mc_2018_TTGJets": {"n_events": 6883.0, "triggered": 4039.97802734375, "photon": 2757.72412109375, "AK8jet": 1071.472412109375, "photon-jet_cleaning": 1001.2119140625}}