{"mc_2018_TTGJets": {"n_events": 107020.0, "triggered": 59422.8046875, "photon": 40241.6923828125, "AK8jet": 17758.33642578125, "photon-jet_cleaning": 14983.04931640625}}