{"mc_2018_TTGJets": {"n_events": 208643.0, "triggered": 111643.9140625, "photon": 73299.2509765625, "AK8jet": 33057.5576171875, "photon-jet_cleaning": 29000.0166015625}}