{"mc_2018_TTGJets": {"n_events": 16756.0, "triggered": 8905.5166015625, "photon": 5884.3154296875, "AK8jet": 3302.24267578125, "photon-jet_cleaning": 2634.76806640625, "any prompt photon": 2634.76806640625}}