{"mc_2018_TTGJets": {"n_events": 7443.0, "triggered": 4057.54296875, "photon": 2705.02880859375, "AK8jet": 966.0817260742188, "photon-jet_cleaning": 807.99560546875}}