{"mc_2018_TTGJets": {"n_events": 17442.0, "triggered": 9854.033203125, "photon": 6780.13671875, "AK8jet": 3091.46142578125, "photon-jet_cleaning": 2582.07275390625}}