{"mc_2018_TTGJets": {"n_events": 6958.0, "triggered": 3723.8056640625, "photon": 2441.5517578125, "AK8jet": 1053.9072265625, "photon-jet_cleaning": 1106.6025390625}}