{"mc_2018_TTGJets": {"n_events": 12333.0, "triggered": 7588.1328125, "photon": 4795.2783203125, "AK8jet": 2336.1611328125, "photon-jet_cleaning": 1967.2935791015625}}