{"mc_2018_TTGJets": {"n_events": 1824.0, "triggered": 667.474609375, "photon": 491.8233642578125, "AK8jet": 175.65121459960938, "photon-jet_cleaning": 175.65121459960938, "any prompt photon": 175.65121459960938}}