{"mc_2018_TTGJets": {"n_events": 5336.0, "triggered": 3126.591796875, "photon": 1861.90283203125, "AK8jet": 843.1258544921875, "photon-jet_cleaning": 685.0397338867188, "any prompt photon": 685.0397338867188}}