{"mc_2018_TTGJets": {"n_events": 146494.0, "triggered": 77585.142578125, "photon": 51764.4130859375, "AK8jet": 23625.08837890625, "photon-jet_cleaning": 20586.322265625}}