{"mc_2018_TTGJets": {"n_events": 36613.0, "triggered": 20603.88671875, "photon": 14087.2275390625, "AK8jet": 7377.3505859375, "photon-jet_cleaning": 6411.26953125}}