{"mc_2018_TTGJets": {"n_events": 15353.0, "triggered": 8431.2578125, "photon": 5199.27587890625, "AK8jet": 2476.68212890625, "photon-jet_cleaning": 2090.24951171875, "any prompt photon": 2090.24951171875}}