{"mc_2018_TTGJets": {"n_events": 29520.0, "triggered": 16827.38671875, "photon": 11470.0244140625, "AK8jet": 4988.49462890625, "photon-jet_cleaning": 4356.14990234375, "any prompt photon": 4356.14990234375}}