{"mc_2018_TTGJets": {"n_events": 12197.0, "triggered": 7008.4833984375, "photon": 4918.234375, "AK8jet": 2125.379638671875, "photon-jet_cleaning": 2037.5540771484375, "any prompt photon": 2037.5540771484375}}