{"mc_2018_TTGJets": {"n_events": 43229.0, "triggered": 24801.951171875, "photon": 15808.609375, "AK8jet": 6534.224609375, "photon-jet_cleaning": 5814.0546875}}