{"mc_2018_TTGJets": {"n_events": 2883.0, "triggered": 1493.0352783203125, "photon": 1089.03759765625, "AK8jet": 491.8233947753906, "photon-jet_cleaning": 421.56292724609375}}