{"mc_2018_ZpToHGamma": {"n_events": 3988.89013671875, "triggered": 3457.170166015625, "b-veto": 1818.5301513671875, "muon-veto": 1680.580078125, "electron-veto": 1532.659912109375, "photon": 1323.68994140625, "AK8jet": 692.8299560546875, "photon-jet_cleaning": 682.8299560546875}}