{"mc_2018_ZpToHGamma": {"n_events": 3986.7001953125, "triggered": 3469.090087890625, "b-veto": 1843.530029296875, "muon-veto": 1713.570068359375, "electron-veto": 1564.5999755859375, "photon": 1389.669921875, "AK8jet": 717.8800048828125, "photon-jet_cleaning": 705.8900146484375}}