{"mc_2018_ZpToHGamma": {"n_events": 3986.67041015625, "triggered": 3497.98046875, "b-veto": 1775.47021484375, "muon-veto": 1632.5301513671875, "electron-veto": 1504.570068359375, "photon": 1318.6500244140625, "AK8jet": 656.7701416015625, "photon-jet_cleaning": 645.7800903320312}}