{"mc_2018_ZpToHGamma": {"n_events": 3984.75, "triggered": 3459.06005859375, "b-veto": 1763.469970703125, "muon-veto": 1636.510009765625, "electron-veto": 1489.5899658203125, "photon": 1313.639892578125, "AK8jet": 690.77001953125, "photon-jet_cleaning": 673.7899780273438}}