{"mc_2018_ZpToHGamma": {"n_events": 17944.6796875, "triggered": 15631.060546875, "b-veto": 7917.240234375, "muon-veto": 7374.4306640625, "electron-veto": 6729.71044921875, "photon": 5854.06005859375, "AK8jet": 2974.91015625, "photon-jet_cleaning": 2916.920166015625}}