{"mc_2018_ZpToHGamma": {"n_events": 7965.0, "triggered": 6943.66015625, "b-veto": 3547.740234375, "muon-veto": 3274.830078125, "electron-veto": 2996.0, "photon": 2611.1103515625, "AK8jet": 1303.4700927734375, "photon-jet_cleaning": 1280.4901123046875}}