{"mc_2018_ZpToHGamma": {"n_events": 3988.840087890625, "triggered": 3500.050048828125, "b-veto": 1781.490234375, "muon-veto": 1647.6201171875, "electron-veto": 1512.6700439453125, "photon": 1327.7100830078125, "AK8jet": 664.8499755859375, "photon-jet_cleaning": 654.8499755859375}}