{"mc_2017_ZpToHGamma": {"n_events": 1982.0, "triggered": 1828.4404296875, "photon": 1532.5404052734375, "AK8jet": 1152.650390625, "photon-jet_cleaning": 1144.650390625}}