{"mc_2017_ZpToHGamma": {"n_events": 3950.0, "triggered": 3699.68017578125, "photon": 3062.97021484375, "AK8jet": 2284.2001953125, "photon-jet_cleaning": 2277.2001953125}}