{"mc_2017_ZpToHGamma": {"n_events": 35408.0, "triggered": 32691.4921875, "photon": 27290.265625, "AK8jet": 20816.154296875, "photon-jet_cleaning": 20744.203125}}