{"mc_2017_ZpToHGamma": {"n_events": 3940.0, "triggered": 3641.63037109375, "photon": 3015.93017578125, "AK8jet": 2308.18994140625, "photon-jet_cleaning": 2303.18994140625}}