{"mc_2017_ZpToHGamma": {"n_events": 1952.0, "triggered": 1802.2701416015625, "photon": 1556.4501953125, "AK8jet": 1178.55029296875, "photon-jet_cleaning": 1176.55029296875}}