{"mc_2017_ZpToHGamma": {"n_events": 1966.0, "triggered": 1799.2901611328125, "photon": 1508.41015625, "AK8jet": 1167.570068359375, "photon-jet_cleaning": 1162.570068359375}}