{"mc_2018_ZpToHGamma": {"n_events": 19662.259765625, "triggered": 18374.53125, "b-veto": 9667.650390625, "muon-veto": 9152.830078125, "electron-veto": 8577.05078125, "photon": 7714.3798828125, "AK8jet": 5487.0498046875, "photon-jet_cleaning": 5383.150390625}}