{"mc_2018_ZpToHGamma": {"n_events": 9842.083984375, "triggered": 9188.7236328125, "b-veto": 4877.3525390625, "muon-veto": 4647.42236328125, "electron-veto": 4365.5126953125, "photon": 3929.66259765625, "AK8jet": 2848.0244140625, "photon-jet_cleaning": 2778.07421875}}