{"mc_2018_ZpToHGamma": {"n_events": 14755.005859375, "triggered": 13797.037109375, "b-veto": 7326.15625, "muon-veto": 6936.326171875, "electron-veto": 6490.4609375, "photon": 5822.74072265625, "AK8jet": 4161.3701171875, "photon-jet_cleaning": 4069.50048828125}}