{"mc_2018_ZpToHGamma": {"n_events": 1781.43994140625, "triggered": 1675.539794921875, "b-veto": 986.6898803710938, "muon-veto": 966.699951171875, "electron-veto": 937.7098388671875, "photon": 833.7598876953125, "AK8jet": 633.8298950195312, "photon-jet_cleaning": 622.8499145507812}}