{"mc_2018_ZpToHGamma": {"n_events": 26812.453125, "triggered": 25220.01171875, "b-veto": 14834.771484375, "muon-veto": 14384.97265625, "electron-veto": 13702.369140625, "photon": 12080.15234375, "AK8jet": 9171.193359375, "photon-jet_cleaning": 8909.4228515625}}