{"mc_2018_ZpToHGamma": {"n_events": 8948.2001953125, "triggered": 8436.7958984375, "b-veto": 4845.142578125, "muon-veto": 4708.1923828125, "electron-veto": 4479.29248046875, "photon": 3908.452392578125, "AK8jet": 3050.800537109375, "photon-jet_cleaning": 2983.84033203125}}