{"mc_2017_ZpToHGamma": {"n_events": 33794.0, "triggered": 30010.169921875, "photon": 25314.1328125, "AK8jet": 17212.640625, "photon-jet_cleaning": 17116.7109375}}