{"mc_2017_ZpToHGamma": {"n_events": 11902.0, "triggered": 10650.66015625, "photon": 8982.4404296875, "AK8jet": 6128.14013671875, "photon-jet_cleaning": 6091.16015625}}