{"mc_2017_ZpToHGamma": {"n_events": 27604.0, "triggered": 26015.4609375, "photon": 21116.95703125, "AK8jet": 17010.630859375, "photon-jet_cleaning": 16992.66015625}}