{"mc_2017_ZpToHGamma": {"n_events": 2360.0, "triggered": 2222.2099609375, "photon": 1858.420166015625, "AK8jet": 1498.52001953125, "photon-jet_cleaning": 1495.530029296875}}