{"mc_2017_ZpToHGamma": {"n_events": 2274.0, "triggered": 2135.9912109375, "photon": 1717.231201171875, "AK8jet": 1379.384765625, "photon-jet_cleaning": 1376.394775390625}}