{"mc_2017_ZpToHGamma": {"n_events": 752.0, "triggered": 701.8200073242188, "photon": 566.8800048828125, "AK8jet": 452.8900146484375, "photon-jet_cleaning": 451.8999938964844}}