{"mc_2017_ZpToHGamma": {"n_events": 780.0, "triggered": 741.66845703125, "photon": 594.78173828125, "AK8jet": 479.82177734375, "photon-jet_cleaning": 479.82177734375}}