{"mc_2017_ZpToHGamma": {"n_events": 4588.0, "triggered": 4323.4326171875, "photon": 3552.72607421875, "AK8jet": 2860.95703125, "photon-jet_cleaning": 2855.95703125}}