{"mc_2018_ZpToHGamma": {"n_events": 49853.58984375, "triggered": 42267.5078125, "b-veto": 21942.8125, "muon-veto": 20295.51171875, "electron-veto": 18629.08984375, "photon": 15561.1513671875, "AK8jet": 7088.66015625}}