{"mc_2018_ZpToHGamma": {"n_events": 49870.0, "triggered": 39644.36328125, "b-veto": 20359.400390625, "muon-veto": 18801.041015625, "electron-veto": 17241.560546875, "photon": 15447.181640625, "AK8jet": 7077.66015625, "photon-jet_delta_phi": 6058.18994140625}}