{"mc_2018_ZpToHGamma": {"n_events": 49870.0, "triggered": 39644.36328125, "photon": 33680.43359375, "AK8jet": 16355.37109375, "photon-jet_cleaning": 16166.419921875}}