{"mc_2018_ZpToHGamma": {"n_events": 49787.37890625, "triggered": 44241.9609375, "b-veto": 22833.5234375, "muon-veto": 21213.09375, "electron-veto": 19562.6640625, "photon": 17136.41015625, "AK8jet": 9605.7607421875, "photon-jet_cleaning": 9438.91015625}}