{"mc_2018_ZpToHGamma": {"n_events": 1983.18017578125, "triggered": 1811.360107421875, "b-veto": 921.7099609375, "muon-veto": 859.719970703125, "electron-veto": 791.7799682617188, "photon": 703.8099975585938, "AK8jet": 479.8800048828125, "photon-jet_cleaning": 466.89996337890625}}