{"mc_2018_ZpToHGamma": {"n_events": 5957.83984375, "triggered": 5510.25, "b-veto": 2827.0703125, "muon-veto": 2653.14013671875, "electron-veto": 2450.21044921875, "photon": 2215.2900390625, "AK8jet": 1493.500244140625, "photon-jet_cleaning": 1464.5201416015625}}