{"mc_2018_ZpToHGamma": {"n_events": 41656.98828125, "triggered": 38449.90234375, "b-veto": 19975.6015625, "muon-veto": 18703.12109375, "electron-veto": 17320.66015625, "photon": 15520.6005859375, "AK8jet": 10436.2802734375, "photon-jet_cleaning": 10223.48046875}}