{"mc_2017_TTGJets": {"n_events": 284472.0, "triggered": 177530.685546875, "photon": 110660.26171875, "AK8jet": 48163.5625, "photon-jet_cleaning": 41998.205078125}}