{"mc_2017_TTGJets": {"n_events": 170425.0, "triggered": 103230.220703125, "photon": 64411.30078125, "AK8jet": 28877.0595703125, "photon-jet_cleaning": 25416.73095703125}}