{"mc_2017_TTGJets": {"n_events": 57605.0, "triggered": 34814.0703125, "photon": 21973.96875, "AK8jet": 9450.03564453125, "photon-jet_cleaning": 8220.47705078125}}