{"mc_2017_TTGJets": {"n_events": 224868.0, "triggered": 135075.783203125, "photon": 85419.1865234375, "AK8jet": 40136.302734375, "photon-jet_cleaning": 34778.9404296875}}