{"mc_2017_TTGJets": {"n_events": 295623.0, "triggered": 183221.78515625, "photon": 114155.720703125, "AK8jet": 52045.453125, "photon-jet_cleaning": 45107.232421875}}