{"mc_2017_TTGJets": {"n_events": 228459.0, "triggered": 141223.57421875, "photon": 86666.306640625, "AK8jet": 40136.302734375, "photon-jet_cleaning": 35358.58837890625}}