{"mc_2018_ZpToHGamma": {"n_events": 2346.012939453125, "triggered": 2211.14306640625, "b-veto": 1367.482666015625, "muon-veto": 1340.5126953125, "electron-veto": 1270.5802001953125, "photon": 1108.650146484375, "AK8jet": 881.690185546875, "photon-jet_cleaning": 861.740234375}}