{"mc_2018_ZpToHGamma": {"n_events": 2338.97607421875, "triggered": 2200.09619140625, "b-veto": 1332.3604736328125, "muon-veto": 1303.3704833984375, "electron-veto": 1225.410400390625, "photon": 1077.476318359375, "AK8jet": 810.5994262695312, "photon-jet_cleaning": 791.6094360351562}}