{"mc_2018_ZpToHGamma": {"n_events": 17642.4140625, "triggered": 16625.255859375, "b-veto": 10227.927734375, "muon-veto": 10025.09765625, "electron-veto": 9571.267578125, "photon": 8383.7548828125, "AK8jet": 6543.6005859375, "photon-jet_cleaning": 6414.6240234375}}