{"mc_2018_ZpToHGamma": {"n_events": 15964.0, "triggered": 11692.720703125, "b-veto": 6012.0400390625, "muon-veto": 5575.18017578125, "electron-veto": 5098.3798828125, "photon": 4526.580078125, "AK8jet": 1628.4500732421875, "photon-jet_delta_phi": 1377.5101318359375}}