{"mc_2018_ZpToHGamma": {"n_events": 15958.970703125, "triggered": 12867.4296875, "b-veto": 6694.85009765625, "muon-veto": 6212.0, "electron-veto": 5689.2099609375, "photon": 4565.580078125, "AK8jet": 1633.4500732421875, "photon-jet_delta_phi": 1379.5101318359375}}