{"mc_2018_ZpToHGamma": {"n_events": 3992.0, "triggered": 2904.13037109375, "b-veto": 1546.5201416015625, "muon-veto": 1417.5601806640625, "electron-veto": 1298.6600341796875, "photon": 1161.6800537109375, "AK8jet": 404.8399963378906, "photon-jet_delta_phi": 350.8999938964844}}