{"mc_2018_ZpToHGamma": {"n_events": 3996.510498046875, "triggered": 3258.880615234375, "b-veto": 1690.41015625, "muon-veto": 1572.4501953125, "electron-veto": 1444.550048828125, "photon": 1200.639892578125, "AK8jet": 394.8699951171875, "photon-jet_delta_phi": 329.91998291015625}}