{"mc_2018_ZpToHGamma": {"n_events": 3998.0, "triggered": 2974.970458984375, "b-veto": 1525.4700927734375, "muon-veto": 1420.5101318359375, "electron-veto": 1307.5999755859375, "photon": 1189.64990234375, "AK8jet": 393.8699951171875, "photon-jet_delta_phi": 328.91998291015625}}