{"mc_2018_ZpToHGamma": {"n_events": 3990.7900390625, "triggered": 3168.14990234375, "b-veto": 1652.4300537109375, "muon-veto": 1540.4700927734375, "electron-veto": 1387.5401611328125, "photon": 1127.6500244140625, "AK8jet": 436.85009765625, "photon-jet_delta_phi": 371.8901062011719}}