{"mc_2018_ZpToHGamma": {"n_events": 3992.0, "triggered": 2870.22021484375, "b-veto": 1480.4801025390625, "muon-veto": 1377.5101318359375, "electron-veto": 1240.580078125, "photon": 1115.650146484375, "AK8jet": 436.85009765625, "photon-jet_delta_phi": 371.8901062011719}}