{"mc_2018_ZpToHGamma": {"n_events": 11964.169921875, "triggered": 9646.400390625, "b-veto": 5090.57958984375, "muon-veto": 4716.7099609375, "electron-veto": 4327.81982421875, "photon": 3579.02001953125, "AK8jet": 1209.7099609375}}