{"mc_2018_ZpToHGamma": {"n_events": 11968.0, "triggered": 8759.6103515625, "b-veto": 4607.7294921875, "muon-veto": 4258.85986328125, "electron-veto": 3900.9599609375, "photon": 3532.0400390625, "AK8jet": 1204.7099609375, "photon-jet_delta_phi": 1033.7899169921875}}