{"mc_2018_ZpToHGamma": {"n_events": 7989.400390625, "triggered": 6437.30029296875, "b-veto": 3316.020263671875, "muon-veto": 3048.14013671875, "electron-veto": 2801.18994140625, "photon": 2295.31005859375, "AK8jet": 839.6699829101562, "photon-jet_delta_phi": 699.75}}