{"mc_2018_ZpToHGamma": {"n_events": 7992.0, "triggered": 5835.4599609375, "b-veto": 2986.090087890625, "muon-veto": 2742.21044921875, "electron-veto": 2516.25, "photon": 2272.320068359375, "AK8jet": 837.6699829101562, "photon-jet_delta_phi": 699.75}}