{"mc_2018_ZpToHGamma": {"n_events": 1990.0, "triggered": 1512.659912109375, "b-veto": 775.77001953125, "muon-veto": 721.780029296875, "electron-veto": 653.780029296875, "photon": 578.8399658203125, "AK8jet": 202.9499969482422, "photon-jet_delta_phi": 170.95999145507812}}