{"mc_2018_ZpToHGamma": {"n_events": 7992.0, "triggered": 5835.4599609375, "photon": 5013.7001953125, "AK8jet": 1784.449951171875, "photon-jet_cleaning": 1751.469970703125}}