{"mc_2018_ZpToHGamma": {"n_events": 11968.0, "triggered": 8759.6103515625, "photon": 7500.93017578125, "AK8jet": 2687.300048828125, "photon-jet_cleaning": 2651.31005859375}}