{"mc_2018_ZpToHGamma": {"n_events": 3992.0, "triggered": 2904.13037109375, "photon": 2491.250244140625, "AK8jet": 864.690185546875, "photon-jet_cleaning": 855.7001953125}}