{"mc_2018_ZpToHGamma": {"n_events": 15964.0, "triggered": 11692.720703125, "photon": 9908.33984375, "AK8jet": 3563.990234375, "photon-jet_cleaning": 3507.0}}