{"mc_2018_ZpToHGamma": {"n_events": 3998.0, "triggered": 2974.970458984375, "photon": 2560.190185546875, "AK8jet": 888.7000122070312, "photon-jet_cleaning": 870.7000122070312}}