{"mc_2018_ZpToHGamma": {"n_events": 1990.0, "triggered": 1512.659912109375, "photon": 1271.739990234375, "AK8jet": 442.90997314453125, "photon-jet_cleaning": 434.90997314453125}}