{"mc_2018_ZpToHGamma": {"n_events": 3992.0, "triggered": 2870.22021484375, "photon": 2431.4501953125, "AK8jet": 905.7700805664062, "photon-jet_cleaning": 888.7800903320312}}