{"mc_2017_ZpToHGamma": {"n_events": 48366.0, "triggered": 45087.9296875, "photon": 37510.484375, "AK8jet": 29334.427734375, "photon-jet_cleaning": 29259.4765625}}