{"mc_2016_TTGJets": {"n_events": 30997.0, "triggered": 26857.0703125, "b-veto": 7447.611328125, "muon-veto": 6077.5322265625, "electron-veto": 4303.455078125, "photon": 2213.205322265625, "AK8jet": 614.7792358398438, "photon-jet_delta_phi": 70.26048278808594, "any prompt photon": 70.26048278808594}}