{"mc_2016_TTGJets": {"n_events": 4013.0, "triggered": 3144.15673828125, "b-veto": 843.1257934570312, "muon-veto": 667.474609375, "electron-veto": 491.8233947753906, "photon": 351.30242919921875, "AK8jet": 158.0861053466797, "photon-jet_delta_phi": 0.0, "any prompt photon": 0.0}}