{"mc_2016_TTGJets": {"n_events": 38062.0, "triggered": 34708.6796875, "b-veto": 8817.69140625, "muon-veto": 7675.9580078125, "electron-veto": 6042.40185546875, "photon": 2845.5498046875, "AK8jet": 1053.9072265625, "photon-jet_delta_phi": 597.214111328125, "any prompt photon": 597.214111328125}}