{"mc_2016_TTGJets": {"n_events": 6806.0, "triggered": 6920.6572265625, "b-veto": 2002.423828125, "muon-veto": 1774.0771484375, "electron-veto": 1334.94921875, "photon": 509.3885192871094, "AK8jet": 122.95584106445312, "photon-jet_delta_phi": -17.565120697021484, "any prompt photon": -17.565120697021484}}