{"mc_2016_TTGJets": {"n_events": 4055.0, "triggered": 3899.45703125, "b-veto": 755.3002319335938, "muon-veto": 685.0397338867188, "electron-veto": 491.8233947753906, "photon": 193.21633911132812, "AK8jet": 52.69536209106445, "photon-jet_delta_phi": 52.69536209106445, "any prompt photon": 52.69536209106445}}