{"mc_2016_TTGJets": {"n_events": 361292.0, "triggered": 317208.529296875, "b-veto": 77550.01025390625, "muon-veto": 64428.86474609375, "electron-veto": 48655.3876953125, "photon": 24099.3466796875, "AK8jet": 9801.337646484375, "photon-jet_delta_phi": 2898.2449798583984, "any prompt photon": 2898.2449798583984}}