{"mc_2016_TTGJets": {"n_events": 59685.0, "triggered": 49674.1640625, "b-veto": 11821.32666015625, "muon-veto": 9590.55615234375, "electron-veto": 6815.26708984375, "photon": 4373.715087890625, "AK8jet": 1949.728515625, "photon-jet_delta_phi": 755.3002014160156, "any prompt photon": 755.3002014160156}}