{"mc_2016_TTGJets": {"n_events": 4013.0, "triggered": 3372.50341796875, "photon": 1106.6025390625, "AK8jet": 509.3885192871094, "photon-jet_cleaning": 351.30242919921875, "any prompt photon": 351.30242919921875}}