{"mc_2016_TTGJets": {"n_events": 4055.0, "triggered": 4039.97802734375, "photon": 1932.163330078125, "AK8jet": 930.951416015625, "photon-jet_cleaning": 807.99560546875, "any prompt photon": 807.99560546875}}