{"mc_2016_TTGJets": {"n_events": 38062.0, "triggered": 35639.6328125, "photon": 15808.609375, "AK8jet": 7043.61376953125, "photon-jet_cleaning": 6077.53173828125}}