{"mc_2016_TTGJets": {"n_events": 6806.0, "triggered": 6990.91796875, "photon": 2915.810302734375, "AK8jet": 1106.6025390625, "photon-jet_cleaning": 825.5607299804688}}