{"mc_2016_TTGJets": {"n_events": 59685.0, "triggered": 51500.9375, "photon": 24046.650390625, "AK8jet": 10345.85693359375, "photon-jet_cleaning": 8993.341796875, "any prompt photon": 8993.341796875}}