{"mc_2016_TTGJets": {"n_events": 30997.0, "triggered": 27770.455078125, "photon": 12646.8876953125, "AK8jet": 4637.19189453125, "photon-jet_cleaning": 3811.63134765625}}