{"mc_2016_TTGJets": {"n_events": 361292.0, "triggered": 329627.068359375, "photon": 141855.9189453125, "AK8jet": 64288.34375, "photon-jet_cleaning": 54451.87548828125}}