{"mc_2017_ZpToHGamma": {"n_events": 1996.0, "triggered": 1640.440185546875, "photon": 1377.5401611328125, "AK8jet": 771.77001953125, "photon-jet_cleaning": 766.77001953125}}