{"mc_2017_ZpToHGamma": {"n_events": 21932.0, "triggered": 18321.6015625, "photon": 15411.51171875, "AK8jet": 8560.41015625, "photon-jet_cleaning": 8494.451171875}}