{"mc_2017_ZpToHGamma": {"n_events": 15942.0, "triggered": 13261.1796875, "photon": 11207.9599609375, "AK8jet": 6390.3701171875, "photon-jet_cleaning": 6350.400390625}}