{"mc_2017_ZpToHGamma": {"n_events": 3986.0, "triggered": 3313.89013671875, "photon": 2821.06005859375, "AK8jet": 1560.469970703125, "photon-jet_cleaning": 1547.47998046875}}