{"mc_2017_ZpToHGamma": {"n_events": 3988.0, "triggered": 3286.83056640625, "photon": 2770.09033203125, "AK8jet": 1575.460205078125, "photon-jet_cleaning": 1555.460205078125}}