{"mc_2017_ZpToHGamma": {"n_events": 1996.0, "triggered": 1698.4404296875, "photon": 1450.51025390625, "AK8jet": 833.6502075195312, "photon-jet_cleaning": 828.6502075195312}}