{"mc_2017_ZpToHGamma": {"n_events": 23736.0, "triggered": 21702.8828125, "photon": 18165.572265625, "AK8jet": 13571.1318359375, "photon-jet_cleaning": 13529.1708984375}}