{"mc_2017_ZpToHGamma": {"n_events": 11862.0, "triggered": 10897.3408203125, "photon": 9095.19140625, "AK8jet": 6764.86083984375, "photon-jet_cleaning": 6738.8603515625}}