{"mc_2017_ZpToHGamma": {"n_events": 3946.0, "triggered": 3614.740234375, "photon": 3036.02001953125, "AK8jet": 2258.2099609375, "photon-jet_cleaning": 2252.219970703125}}