{"mc_2017_ZpToHGamma": {"n_events": 5928.0, "triggered": 5451.27001953125, "photon": 4568.53955078125, "AK8jet": 3428.909912109375, "photon-jet_cleaning": 3412.919921875}}