{"mc_2018_ZpToHGamma": {"n_events": 49493.65234375, "triggered": 46054.74609375, "b-veto": 24104.208984375, "muon-veto": 22703.65625, "electron-veto": 21162.357421875, "photon": 19007.13671875, "AK8jet": 13137.1796875, "photon-jet_cleaning": 12861.400390625}}