{"mc_2016APV_TTGJets": {"n_events": 124425.0, "triggered": 110186.0078125, "photon": 47092.08984375, "AK8jet": 19831.02197265625, "photon-jet_cleaning": 17161.12353515625}}