{"mc_2016APV_TTGJets": {"n_events": 5453.0, "triggered": 5603.27392578125, "photon": 2353.726318359375, "AK8jet": 1018.7769775390625, "photon-jet_cleaning": 913.3863525390625, "any prompt photon": 913.3863525390625}}