{"mc_2016APV_TTGJets": {"n_events": 293990.0, "triggered": 270941.994140625, "photon": 120356.2119140625, "AK8jet": 52273.7998046875, "photon-jet_cleaning": 44439.7587890625, "any prompt photon": 44439.7587890625}}