{"mc_2016APV_TTGJets": {"n_events": 4144.0, "triggered": 3881.891845703125, "photon": 1791.642333984375, "AK8jet": 737.735107421875, "photon-jet_cleaning": 685.0397338867188, "any prompt photon": 685.0397338867188}}