{"mc_2016APV_TTGJets": {"n_events": 34527.0, "triggered": 32776.515625, "photon": 14192.6171875, "AK8jet": 5761.359375, "photon-jet_cleaning": 4602.0615234375, "any prompt photon": 4602.0615234375}}