{"mc_2016APV_TTGJets": {"n_events": 10276.0, "triggered": 9239.25390625, "photon": 4303.455078125, "AK8jet": 2125.3798828125, "photon-jet_cleaning": 2019.989013671875, "any prompt photon": 2019.989013671875}}