{"mc_2016APV_TTGJets": {"n_events": 14940.0, "triggered": 14772.2666015625, "photon": 6235.6181640625, "AK8jet": 2845.5498046875, "photon-jet_cleaning": 2459.116943359375, "any prompt photon": 2459.116943359375}}