{"mc_2016APV_TTGJets": {"n_events": 5918.0, "triggered": 4847.9736328125, "photon": 2371.29150390625, "AK8jet": 1053.9072265625, "photon-jet_cleaning": 895.8211669921875}}