{"mc_2016APV_TTGJets": {"n_events": 13471.0, "triggered": 13700.794921875, "photon": 6428.8349609375, "AK8jet": 2599.637939453125, "photon-jet_cleaning": 2265.900634765625}}