{"mc_2016APV_TTGJets": {"n_events": 32151.0, "triggered": 30159.3125, "photon": 14385.833984375, "AK8jet": 6305.87890625, "photon-jet_cleaning": 5480.31787109375}}