{"mc_2018_ZpToHGamma": {"n_events": 1984.0, "triggered": 1793.360107421875, "b-veto": 908.7099609375, "muon-veto": 847.719970703125, "electron-veto": 779.780029296875, "photon": 680.8200073242188, "AK8jet": 460.8800048828125, "photon-jet_delta_phi": 409.91998291015625}}