{"mc_2018_ZpToHGamma": {"n_events": 1983.18017578125, "triggered": 1811.360107421875, "b-veto": 921.7099609375, "muon-veto": 859.719970703125, "electron-veto": 791.7799682617188, "photon": 680.8200073242188, "AK8jet": 460.8800048828125, "photon-jet_delta_phi": 409.91998291015625}}