{"mc_2018_ZpToHGamma": {"n_events": 5960.0, "triggered": 5423.2802734375, "b-veto": 2770.10009765625, "muon-veto": 2600.17041015625, "electron-veto": 2399.240234375, "photon": 2167.330078125, "AK8jet": 1458.5301513671875, "photon-jet_delta_phi": 1299.60009765625}}