{"mc_2018_ZpToHGamma": {"n_events": 5957.83984375, "triggered": 5510.25, "b-veto": 2827.0703125, "muon-veto": 2653.14013671875, "electron-veto": 2450.21044921875, "photon": 2172.320068359375, "AK8jet": 1459.5201416015625, "photon-jet_delta_phi": 1299.60009765625}}