{"mc_2018_ZpToHGamma": {"n_events": 41674.0, "triggered": 37847.1328125, "b-veto": 19600.771484375, "muon-veto": 18344.291015625, "electron-veto": 16989.80078125, "photon": 15160.7001953125, "AK8jet": 10207.33984375, "photon-jet_delta_phi": 9150.810546875}}