{"mc_2018_ZpToHGamma": {"n_events": 1984.0, "triggered": 1793.360107421875, "photon": 1512.489990234375, "AK8jet": 1103.64013671875, "photon-jet_cleaning": 1100.64013671875}}