{"mc_2018_ZpToHGamma": {"n_events": 41674.0, "triggered": 37847.1328125, "photon": 31999.94140625, "AK8jet": 23200.66015625, "photon-jet_cleaning": 23104.720703125}}