{"mc_2018_ZpToHGamma": {"n_events": 5960.0, "triggered": 5423.2802734375, "photon": 4610.6396484375, "AK8jet": 3336.000244140625, "photon-jet_cleaning": 3320.01025390625}}