{"mc_2018_ZpToHGamma": {"n_events": 4928.0, "triggered": 4590.16015625, "b-veto": 2434.990234375, "muon-veto": 2305.05029296875, "electron-veto": 2160.1201171875, "photon": 1916.25, "AK8jet": 1368.4400634765625, "photon-jet_delta_phi": 1229.47998046875}}