{"mc_2018_ZpToHGamma": {"n_events": 4925.88037109375, "triggered": 4619.150390625, "b-veto": 2457.980224609375, "muon-veto": 2327.0400390625, "electron-veto": 2181.1103515625, "photon": 1918.2401123046875, "AK8jet": 1369.4300537109375, "photon-jet_delta_phi": 1229.47998046875}}