{"mc_2018_ZpToHGamma": {"n_events": 19670.0, "triggered": 18214.630859375, "b-veto": 9547.7099609375, "muon-veto": 9035.890625, "electron-veto": 8467.1005859375, "photon": 7553.39990234375, "AK8jet": 5372.0400390625, "photon-jet_delta_phi": 4902.26025390625}}