{"mc_2018_ZpToHGamma": {"n_events": 19662.259765625, "triggered": 18374.53125, "b-veto": 9667.650390625, "muon-veto": 9152.830078125, "electron-veto": 8577.05078125, "photon": 7560.39013671875, "AK8jet": 5374.0400390625, "photon-jet_delta_phi": 4903.26025390625}}