{"mc_2018_ZpToHGamma": {"n_events": 9844.0, "triggered": 9112.7333984375, "b-veto": 4829.3525390625, "muon-veto": 4599.42236328125, "electron-veto": 4318.5126953125, "photon": 3860.69287109375, "AK8jet": 2807.05419921875, "photon-jet_delta_phi": 2543.1943359375}}