{"mc_2018_ZpToHGamma": {"n_events": 9842.083984375, "triggered": 9188.7236328125, "b-veto": 4877.3525390625, "muon-veto": 4647.42236328125, "electron-veto": 4365.5126953125, "photon": 3866.69287109375, "AK8jet": 2807.05419921875, "photon-jet_delta_phi": 2543.1943359375}}