{"mc_2018_ZpToHGamma": {"n_events": 14760.0, "triggered": 13697.076171875, "b-veto": 7255.18603515625, "muon-veto": 6865.35595703125, "electron-veto": 6420.4912109375, "photon": 5708.80078125, "AK8jet": 4087.390625, "photon-jet_delta_phi": 3697.600341796875}}