{"mc_2018_ZpToHGamma": {"n_events": 14755.005859375, "triggered": 13797.037109375, "b-veto": 7326.15625, "muon-veto": 6936.326171875, "electron-veto": 6490.4609375, "photon": 5718.79052734375, "AK8jet": 4089.390625}}