{"mc_2018_ZpToHGamma": {"n_events": 4928.0, "triggered": 4590.16015625, "photon": 3835.540283203125, "AK8jet": 2923.84033203125, "photon-jet_cleaning": 2908.85009765625}}