{"mc_2018_ZpToHGamma": {"n_events": 14760.0, "triggered": 13697.076171875, "photon": 11560.025390625, "AK8jet": 8818.9658203125, "photon-jet_cleaning": 8795.99609375}}