{"mc_2018_ZpToHGamma": {"n_events": 19670.0, "triggered": 18214.630859375, "photon": 15431.900390625, "AK8jet": 11741.98046875, "photon-jet_cleaning": 11712.0}}