{"mc_2018_ZpToHGamma": {"n_events": 9844.0, "triggered": 9112.7333984375, "photon": 7687.43310546875, "AK8jet": 5876.044921875, "photon-jet_cleaning": 5854.064453125}}