{"mc_2017_ZpToHGamma": {"n_events": 3924.0, "triggered": 3637.5703125, "photon": 2988.870361328125, "AK8jet": 2297.150146484375, "photon-jet_cleaning": 2286.150146484375}}