{"mc_2017_ZpToHGamma": {"n_events": 17604.0, "triggered": 16354.130859375, "photon": 13576.470703125, "AK8jet": 10491.53125, "photon-jet_cleaning": 10461.55078125}}