{"mc_2017_ZpToHGamma": {"n_events": 1934.0, "triggered": 1795.150146484375, "photon": 1512.2801513671875, "AK8jet": 1177.4501953125, "photon-jet_cleaning": 1173.4501953125}}