{"mc_2017_ZpToHGamma": {"n_events": 15688.0, "triggered": 14598.611328125, "photon": 12136.01953125, "AK8jet": 9420.970703125, "photon-jet_cleaning": 9393.9697265625}}