{"mc_2017_ZpToHGamma": {"n_events": 9788.0, "triggered": 9155.6689453125, "photon": 7738.2783203125, "AK8jet": 5967.8681640625, "photon-jet_cleaning": 5954.8681640625}}