{"mc_2017_ZpToHGamma": {"n_events": 31888.0, "triggered": 27266.42578125, "photon": 23036.107421875, "AK8jet": 14072.6708984375, "photon-jet_cleaning": 13989.69140625}}