{"mc_2017_ZpToHGamma": {"n_events": 3974.0, "triggered": 3400.0, "photon": 2884.16015625, "AK8jet": 1775.43994140625, "photon-jet_cleaning": 1771.43994140625}}