{"mc_2017_ZpToHGamma": {"n_events": 1990.0, "triggered": 1724.530029296875, "photon": 1433.6099853515625, "AK8jet": 895.75, "photon-jet_cleaning": 887.75}}