{"mc_2017_ZpToHGamma": {"n_events": 1994.0, "triggered": 1718.56005859375, "photon": 1443.679931640625, "AK8jet": 915.8499755859375, "photon-jet_cleaning": 911.8499755859375}}