{"mc_2017_ZpToHGamma": {"n_events": 9964.0, "triggered": 8541.640625, "photon": 7176.06005859375, "AK8jet": 4334.76953125, "photon-jet_cleaning": 4307.7900390625}}