{"mc_2017_ZpToHGamma": {"n_events": 1978.0, "triggered": 1782.400146484375, "photon": 1516.4600830078125, "AK8jet": 1089.570068359375, "photon-jet_cleaning": 1087.570068359375}}