{"mc_2017_ZpToHGamma": {"n_events": 17860.0, "triggered": 16152.3251953125, "photon": 13620.3447265625, "AK8jet": 9829.48046875, "photon-jet_cleaning": 9784.490234375}}