{"mc_2017_ZpToHGamma": {"n_events": 3950.0, "triggered": 3567.740234375, "photon": 3005.010009765625, "AK8jet": 2192.22021484375, "photon-jet_cleaning": 2183.22021484375}}