{"mc_2017_ZpToHGamma": {"n_events": 15880.0, "triggered": 14372.021484375, "photon": 12142.08984375, "AK8jet": 8688.2802734375, "photon-jet_cleaning": 8654.2998046875}}