{"mc_2017_ZpToHGamma": {"n_events": 1986.0, "triggered": 1811.320068359375, "photon": 1552.47021484375, "AK8jet": 1103.6500244140625, "photon-jet_cleaning": 1094.6600341796875}}