{"mc_2017_ZpToHGamma": {"n_events": 7942.0, "triggered": 7201.7705078125, "photon": 6078.31005859375, "AK8jet": 4331.85009765625, "photon-jet_cleaning": 4316.85009765625}}