{"mc_2017_ZpToHGamma": {"n_events": 1994.0, "triggered": 1468.6201171875, "photon": 1255.690185546875, "AK8jet": 430.8800048828125, "photon-jet_cleaning": 425.8800048828125}}