{"mc_2017_ZpToHGamma": {"n_events": 17962.0, "triggered": 13130.361328125, "photon": 11083.060546875, "AK8jet": 3893.93017578125, "photon-jet_cleaning": 3837.9501953125}}