{"mc_2017_ZpToHGamma": {"n_events": 3986.0, "triggered": 2947.1298828125, "photon": 2484.27978515625, "AK8jet": 881.6599731445312, "photon-jet_cleaning": 856.6900024414062}}