{"mc_2017_ZpToHGamma": {"n_events": 1990.0, "triggered": 1468.590087890625, "photon": 1252.68994140625, "AK8jet": 469.92999267578125, "photon-jet_cleaning": 466.92999267578125}}