{"mc_2017_ZpToHGamma": {"n_events": 11984.0, "triggered": 8830.5302734375, "photon": 7430.8798828125, "AK8jet": 2616.27001953125, "photon-jet_cleaning": 2585.2900390625}}