{"mc_2017_ZpToHGamma": {"n_events": 7984.0, "triggered": 5860.43017578125, "photon": 4981.740234375, "AK8jet": 1785.5101318359375, "photon-jet_cleaning": 1749.550048828125}}