{"mc_2017_ZpToHGamma": {"n_events": 3996.0, "triggered": 2897.08056640625, "photon": 2431.240234375, "AK8jet": 843.7501220703125, "photon-jet_cleaning": 833.7501220703125}}