{"mc_2018_ZpToHGamma": {"n_events": 4874.03076171875, "triggered": 4591.3408203125, "b-veto": 2496.10009765625, "muon-veto": 2373.110107421875, "electron-veto": 2221.190185546875, "photon": 1962.270263671875, "AK8jet": 1418.480224609375, "photon-jet_delta_phi": 1295.520263671875}}