{"mc_2018_ZpToHGamma": {"n_events": 4876.0, "triggered": 4571.390625, "b-veto": 2482.13037109375, "muon-veto": 2360.14013671875, "electron-veto": 2210.22021484375, "photon": 1963.270263671875, "AK8jet": 1418.480224609375, "photon-jet_delta_phi": 1295.520263671875}}