{"mc_2018_ZpToHGamma": {"n_events": 4884.0, "triggered": 4536.5205078125, "b-veto": 2449.14013671875, "muon-veto": 2336.210205078125, "electron-veto": 2207.270263671875, "photon": 1971.3701171875, "AK8jet": 1441.530029296875, "photon-jet_delta_phi": 1308.570068359375}}