{"mc_2018_ZpToHGamma": {"n_events": 4882.1806640625, "triggered": 4564.5, "b-veto": 2470.14013671875, "muon-veto": 2357.210205078125, "electron-veto": 2228.27001953125, "photon": 1974.3701171875, "AK8jet": 1441.530029296875}}