{"mc_2018_ZpToHGamma": {"n_events": 29352.28125, "triggered": 27471.0625, "b-veto": 14770.44140625, "muon-veto": 14092.640625, "electron-veto": 13285.05078125, "photon": 11825.681640625, "AK8jet": 8601.6416015625}}