{"mc_2018_ZpToHGamma": {"n_events": 29364.0, "triggered": 27327.162109375, "b-veto": 14668.48046875, "muon-veto": 13992.681640625, "electron-veto": 13196.0908203125, "photon": 11812.681640625, "AK8jet": 8596.6416015625, "photon-jet_delta_phi": 7891.00048828125}}