{"mc_2018_ZpToHGamma": {"n_events": 9770.0, "triggered": 9065.9609375, "b-veto": 4888.20068359375, "muon-veto": 4658.2607421875, "electron-veto": 4374.390625, "photon": 3867.6103515625, "AK8jet": 2835.000244140625, "photon-jet_delta_phi": 2583.14013671875}}