{"mc_2018_ZpToHGamma": {"n_events": 9766.291015625, "triggered": 9132.890625, "b-veto": 4939.16064453125, "muon-veto": 4704.23046875, "electron-veto": 4417.37060546875, "photon": 3872.6103515625, "AK8jet": 2837.000244140625, "photon-jet_delta_phi": 2585.14013671875}}