{"mc_2018_ZpToHGamma": {"n_events": 4876.0, "triggered": 4571.390625, "photon": 3833.710205078125, "AK8jet": 2921.0302734375, "photon-jet_cleaning": 2911.04052734375}}