{"mc_2018_ZpToHGamma": {"n_events": 29364.0, "triggered": 27327.162109375, "photon": 23157.0703125, "AK8jet": 18069.55078125, "photon-jet_cleaning": 18011.5703125}}