{"mc_2018_ZpToHGamma": {"n_events": 9770.0, "triggered": 9065.9609375, "photon": 7614.5205078125, "AK8jet": 5900.0400390625, "photon-jet_cleaning": 5884.0400390625}}