{"mc_2018_ZpToHGamma": {"n_events": 4884.0, "triggered": 4536.5205078125, "photon": 3850.770263671875, "AK8jet": 3026.06005859375, "photon-jet_cleaning": 3019.06005859375}}