{"mc_2018_ZpToHGamma": {"n_events": 15958.970703125, "triggered": 12867.4296875, "b-veto": 6694.85009765625, "muon-veto": 6212.0, "electron-veto": 5689.2099609375, "photon": 4687.52978515625, "AK8jet": 1671.4200439453125, "photon-jet_cleaning": 1624.4300537109375}}