{"mc_2018_ZpToHGamma": {"n_events": 3990.770263671875, "triggered": 3204.050537109375, "b-veto": 1723.4600830078125, "muon-veto": 1581.5101318359375, "electron-veto": 1457.6201171875, "photon": 1205.6600341796875, "AK8jet": 421.8299865722656, "photon-jet_cleaning": 414.8499755859375}}