{"mc_2018_ZpToHGamma": {"n_events": 3996.510498046875, "triggered": 3258.880615234375, "b-veto": 1690.41015625, "muon-veto": 1572.4501953125, "electron-veto": 1444.550048828125, "photon": 1224.6199951171875, "AK8jet": 404.8599853515625, "photon-jet_cleaning": 392.8599853515625}}