{"mc_2018_ZpToHGamma": {"n_events": 3990.7900390625, "triggered": 3168.14990234375, "b-veto": 1652.4300537109375, "muon-veto": 1540.4700927734375, "electron-veto": 1387.5401611328125, "photon": 1145.630126953125, "AK8jet": 441.830078125, "photon-jet_cleaning": 430.840087890625}}