{"mc_2018_ZpToHGamma": {"n_events": 11964.169921875, "triggered": 9646.400390625, "b-veto": 5090.57958984375, "muon-veto": 4716.7099609375, "electron-veto": 4327.81982421875, "photon": 3637.030029296875, "AK8jet": 1244.7099609375, "photon-jet_cleaning": 1226.719970703125}}