{"mc_2018_ZpToHGamma": {"n_events": 7989.400390625, "triggered": 6437.30029296875, "b-veto": 3316.020263671875, "muon-veto": 3048.14013671875, "electron-veto": 2801.18994140625, "photon": 2343.280029296875, "AK8jet": 851.6600341796875, "photon-jet_cleaning": 831.6699829101562}}