{"mc_2018_ZpToHGamma": {"n_events": 1989.489990234375, "triggered": 1639.619873046875, "b-veto": 847.739990234375, "muon-veto": 790.75, "electron-veto": 718.75, "photon": 594.8399658203125, "AK8jet": 210.9499969482422, "photon-jet_cleaning": 205.9499969482422}}