{"mc_2017_ZpToHGamma": {"n_events": 47750.0, "triggered": 44727.00390625, "photon": 37065.03515625, "AK8jet": 29176.15625, "photon-jet_cleaning": 29100.21875}}