{"mc_2018_ZpToHGamma": {"n_events": 48424.0, "triggered": 45143.5546875, "b-veto": 24640.625, "muon-veto": 23614.115234375, "electron-veto": 22348.64453125, "photon": 19750.654296875, "AK8jet": 14529.2734375, "photon-jet_delta_phi": 13396.052734375}}