{"mc_2018_ZpToHGamma": {"n_events": 48407.359375, "triggered": 45390.39453125, "b-veto": 24829.505859375, "muon-veto": 23793.005859375, "electron-veto": 22508.544921875, "photon": 19762.654296875, "AK8jet": 14529.2734375}}