{"mc_2018_ZpToHGamma": {"n_events": 48424.0, "triggered": 45143.5546875, "photon": 37948.08984375, "AK8jet": 29565.919921875, "photon-jet_cleaning": 29479.98828125}}