{"mc_2018_ZpToHGamma": {"n_events": 49512.0, "triggered": 45558.97265625, "b-veto": 23769.357421875, "muon-veto": 22389.7890625, "electron-veto": 20885.4375, "photon": 18605.34765625, "AK8jet": 12852.330078125, "photon-jet_delta_phi": 11636.9404296875}}