{"mc_2018_ZpToHGamma": {"n_events": 49493.65234375, "triggered": 46054.74609375, "b-veto": 24104.208984375, "muon-veto": 22703.65625, "electron-veto": 21162.357421875, "photon": 18632.34765625, "AK8jet": 12856.330078125}}