{"mc_2018_ZpToHGamma": {"n_events": 49512.0, "triggered": 45558.97265625, "photon": 38488.0, "AK8jet": 28643.9609375, "photon-jet_cleaning": 28531.041015625}}