{"mc_2018_ZpToHGamma": {"n_events": 1782.0, "triggered": 1669.539794921875, "b-veto": 981.6898803710938, "muon-veto": 961.699951171875, "electron-veto": 933.7098388671875, "photon": 812.7598876953125, "AK8jet": 619.8298950195312, "photon-jet_delta_phi": 584.8499145507812}}