{"mc_2018_ZpToHGamma": {"n_events": 1781.43994140625, "triggered": 1675.539794921875, "b-veto": 986.6898803710938, "muon-veto": 966.699951171875, "electron-veto": 937.7098388671875, "photon": 812.7598876953125, "AK8jet": 619.8298950195312}}