{"mc_2018_ZpToHGamma": {"n_events": 5312.0, "triggered": 5008.0966796875, "b-veto": 2989.990234375, "muon-veto": 2900.040283203125, "electron-veto": 2766.09033203125, "photon": 2405.230224609375, "AK8jet": 1843.419921875, "photon-jet_delta_phi": 1750.510009765625}}