{"mc_2018_ZpToHGamma": {"n_events": 5313.7919921875, "triggered": 5015.07666015625, "b-veto": 2992.97021484375, "muon-veto": 2903.020263671875, "electron-veto": 2769.0703125, "photon": 2408.22021484375, "AK8jet": 1844.419921875}}