{"mc_2018_ZpToHGamma": {"n_events": 26808.0, "triggered": 25172.05859375, "b-veto": 14795.7880859375, "muon-veto": 14345.9873046875, "electron-veto": 13665.3837890625, "photon": 11857.26171875, "AK8jet": 9008.29296875, "photon-jet_delta_phi": 8482.54296875}}