{"mc_2018_ZpToHGamma": {"n_events": 1824.0, "triggered": 1725.4364013671875, "b-veto": 1007.5963745117188, "muon-veto": 974.6063842773438, "electron-veto": 935.6264038085938, "photon": 814.696533203125, "AK8jet": 629.7864990234375, "photon-jet_delta_phi": 595.8399658203125}}