{"mc_2018_ZpToHGamma": {"n_events": 1824.3663330078125, "triggered": 1726.4364013671875, "b-veto": 1008.5963745117188, "muon-veto": 975.6063842773438, "electron-veto": 936.6264038085938, "photon": 814.696533203125, "AK8jet": 629.7864990234375}}