{"mc_2018_ZpToHGamma": {"n_events": 8946.0, "triggered": 8418.8154296875, "b-veto": 4831.142578125, "muon-veto": 4694.1923828125, "electron-veto": 4467.29248046875, "photon": 3836.482421875, "AK8jet": 2995.8203125, "photon-jet_delta_phi": 2805.88037109375}}