{"mc_2018_ZpToHGamma": {"n_events": 1824.0, "triggered": 1725.4364013671875, "photon": 1434.56640625, "AK8jet": 1130.66650390625, "photon-jet_cleaning": 1127.66650390625}}