{"mc_2018_ZpToHGamma": {"n_events": 5312.0, "triggered": 5008.0966796875, "photon": 4128.58984375, "AK8jet": 3315.8564453125, "photon-jet_cleaning": 3315.8564453125}}