{"mc_2018_ZpToHGamma": {"n_events": 8946.0, "triggered": 8418.8154296875, "photon": 6900.52197265625, "AK8jet": 5599.0, "photon-jet_cleaning": 5586.02001953125}}