{"mc_2018_ZpToHGamma": {"n_events": 1782.0, "triggered": 1669.539794921875, "photon": 1405.6298828125, "AK8jet": 1124.7398681640625, "photon-jet_cleaning": 1122.7398681640625}}