{"mc_2018_ZpToHGamma": {"n_events": 26808.0, "triggered": 25172.05859375, "photon": 20767.421875, "AK8jet": 16651.732421875, "photon-jet_cleaning": 16615.76171875}}