{"mc_2018_ZpToHGamma": {"n_events": 49804.0, "triggered": 42667.32421875, "b-veto": 21850.765625, "muon-veto": 20288.3046875, "electron-veto": 18720.84375, "photon": 16774.53125, "AK8jet": 9446.791015625, "photon-jet_delta_phi": 8263.4296875}}