{"mc_2018_ZpToHGamma": {"n_events": 49804.0, "triggered": 42667.32421875, "photon": 36187.97265625, "AK8jet": 22402.9609375, "photon-jet_cleaning": 22265.01171875}}