{"mc_2018_ZpToHGamma": {"n_events": 32844.0, "triggered": 29298.28125, "b-veto": 14687.880859375, "muon-veto": 13654.23046875, "electron-veto": 12596.640625, "photon": 11299.169921875, "AK8jet": 7152.5400390625, "photon-jet_delta_phi": 6315.01953125}}