{"mc_2018_ZpToHGamma": {"n_events": 32831.7421875, "triggered": 29919.15234375, "b-veto": 15070.791015625, "muon-veto": 14019.140625, "electron-veto": 12938.5498046875, "photon": 11334.169921875, "AK8jet": 7154.5400390625, "photon-jet_delta_phi": 6316.01953125}}