{"mc_2018_ZpToHGamma": {"n_events": 1984.0, "triggered": 1751.43017578125, "b-veto": 878.630126953125, "muon-veto": 817.64013671875, "electron-veto": 751.7000732421875, "photon": 675.7301025390625, "AK8jet": 428.8301086425781, "photon-jet_delta_phi": 380.8901062011719}}