{"mc_2018_ZpToHGamma": {"n_events": 1983.300048828125, "triggered": 1798.400146484375, "b-veto": 906.60009765625, "muon-veto": 845.610107421875, "electron-veto": 777.6801147460938, "photon": 676.7301025390625, "AK8jet": 428.8301086425781, "photon-jet_delta_phi": 380.8901062011719}}