{"mc_2018_ZpToHGamma": {"n_events": 5967.56103515625, "triggered": 5416.9912109375, "b-veto": 2771.720703125, "muon-veto": 2603.8203125, "electron-veto": 2405.990234375, "photon": 2079.14013671875, "AK8jet": 1280.480224609375, "photon-jet_delta_phi": 1120.5902099609375}}