{"mc_2018_ZpToHGamma": {"n_events": 5970.0, "triggered": 5288.060546875, "b-veto": 2689.74072265625, "muon-veto": 2522.84033203125, "electron-veto": 2336.01025390625, "photon": 2077.14013671875, "AK8jet": 1280.480224609375, "photon-jet_delta_phi": 1120.5902099609375}}