{"mc_2018_ZpToHGamma": {"n_events": 8947.1015625, "triggered": 8169.541015625, "b-veto": 4186.720703125, "muon-veto": 3894.8603515625, "electron-veto": 3576.96044921875, "photon": 3140.140380859375, "AK8jet": 1981.4002685546875, "photon-jet_delta_phi": 1735.51025390625}}