{"mc_2018_ZpToHGamma": {"n_events": 8950.0, "triggered": 7988.6015625, "b-veto": 4079.7607421875, "muon-veto": 3791.900390625, "electron-veto": 3480.990478515625, "photon": 3131.140380859375, "AK8jet": 1980.4002685546875, "photon-jet_delta_phi": 1735.51025390625}}