{"mc_2018_ZpToHGamma": {"n_events": 5970.0, "triggered": 5288.060546875, "photon": 4477.380859375, "AK8jet": 3085.870849609375, "photon-jet_cleaning": 3073.880859375}}