{"mc_2018_ZpToHGamma": {"n_events": 32844.0, "triggered": 29298.28125, "photon": 24790.212890625, "AK8jet": 16971.720703125, "photon-jet_cleaning": 16898.759765625}}