{"mc_2018_ZpToHGamma": {"n_events": 8950.0, "triggered": 7988.6015625, "photon": 6752.11083984375, "AK8jet": 4605.6904296875, "photon-jet_cleaning": 4576.6904296875}}