{"mc_2018_ZpToHGamma": {"n_events": 1984.0, "triggered": 1751.43017578125, "photon": 1473.530029296875, "AK8jet": 1016.7000732421875, "photon-jet_cleaning": 1014.7000732421875}}