{"mc_2017_ZpToHGamma": {"n_events": 24548.0, "triggered": 23049.69140625, "photon": 19012.9296875, "AK8jet": 15203.34765625, "photon-jet_cleaning": 15168.38671875}}