{"mc_2017_ZpToHGamma": {"n_events": 1900.0, "triggered": 1787.240478515625, "photon": 1480.4105224609375, "AK8jet": 1164.5003662109375, "photon-jet_cleaning": 1165.5003662109375}}