{"mc_2017_ZpToHGamma": {"n_events": 13208.0, "triggered": 12356.2890625, "photon": 10163.41796875, "AK8jet": 7992.2177734375, "photon-jet_cleaning": 7972.2177734375}}