{"mc_2017_ZpToHGamma": {"n_events": 936.0, "triggered": 875.60546875, "photon": 718.685546875, "AK8jet": 564.7755126953125, "photon-jet_cleaning": 562.7755126953125}}