{"mc_2017_ZpToHGamma": {"n_events": 6608.0, "triggered": 6197.6416015625, "photon": 5149.1455078125, "AK8jet": 4050.4755859375, "photon-jet_cleaning": 4045.4853515625}}