{"mc_2018_ZpToHGamma": {"n_events": 3990.0, "triggered": 3294.2099609375, "b-veto": 1715.56005859375, "muon-veto": 1583.6099853515625, "electron-veto": 1440.679931640625, "photon": 1296.699951171875, "AK8jet": 686.8299560546875, "photon-jet_delta_phi": 603.8399658203125}}