{"mc_2018_ZpToHGamma": {"n_events": 3988.89013671875, "triggered": 3457.170166015625, "b-veto": 1818.5301513671875, "muon-veto": 1680.580078125, "electron-veto": 1532.659912109375, "photon": 1303.699951171875, "AK8jet": 686.8299560546875}}