{"mc_2018_ZpToHGamma": {"n_events": 3988.0, "triggered": 3323.130126953125, "b-veto": 1751.570068359375, "muon-veto": 1626.610107421875, "electron-veto": 1482.639892578125, "photon": 1350.68994140625, "AK8jet": 697.8800048828125, "photon-jet_delta_phi": 609.9199829101562}}