{"mc_2018_ZpToHGamma": {"n_events": 3986.7001953125, "triggered": 3469.090087890625, "b-veto": 1843.530029296875, "muon-veto": 1713.570068359375, "electron-veto": 1564.5999755859375, "photon": 1357.679931640625, "AK8jet": 697.8800048828125}}