{"mc_2018_ZpToHGamma": {"n_events": 3986.67041015625, "triggered": 3497.98046875, "b-veto": 1775.47021484375, "muon-veto": 1632.5301513671875, "electron-veto": 1504.570068359375, "photon": 1287.6600341796875, "AK8jet": 643.7800903320312, "photon-jet_delta_phi": 546.840087890625}}