{"mc_2018_ZpToHGamma": {"n_events": 3988.0, "triggered": 3321.0703125, "b-veto": 1677.51025390625, "muon-veto": 1540.5601806640625, "electron-veto": 1416.60009765625, "photon": 1279.6700439453125, "AK8jet": 641.7800903320312, "photon-jet_delta_phi": 545.840087890625}}