{"mc_2018_ZpToHGamma": {"n_events": 3986.0, "triggered": 3298.110107421875, "b-veto": 1676.5, "muon-veto": 1555.5400390625, "electron-veto": 1418.6099853515625, "photon": 1285.6199951171875, "AK8jet": 674.760009765625, "photon-jet_delta_phi": 579.8099975585938}}