{"mc_2018_ZpToHGamma": {"n_events": 17950.0, "triggered": 14910.349609375, "b-veto": 7484.39013671875, "muon-veto": 6956.580078125, "electron-veto": 6339.85009765625, "photon": 5730.10009765625, "AK8jet": 2917.93017578125, "photon-jet_delta_phi": 2531.14013671875}}