{"mc_2018_ZpToHGamma": {"n_events": 17944.6796875, "triggered": 15631.060546875, "b-veto": 7917.240234375, "muon-veto": 7374.4306640625, "electron-veto": 6729.71044921875, "photon": 5750.09033203125, "AK8jet": 2920.93017578125, "photon-jet_delta_phi": 2533.14013671875}}