{"mc_2018_ZpToHGamma": {"n_events": 3988.720458984375, "triggered": 3463.98046875, "b-veto": 1826.370361328125, "muon-veto": 1718.410400390625, "electron-veto": 1597.490234375, "photon": 1332.6201171875, "AK8jet": 696.8200073242188, "photon-jet_delta_phi": 592.8699951171875}}