{"mc_2018_ZpToHGamma": {"n_events": 3990.0, "triggered": 3308.04052734375, "b-veto": 1732.410400390625, "muon-veto": 1629.450439453125, "electron-veto": 1511.5301513671875, "photon": 1330.6201171875, "AK8jet": 695.8200073242188, "photon-jet_delta_phi": 592.8699951171875}}