{"mc_2018_ZpToHGamma": {"n_events": 7965.0, "triggered": 6943.66015625, "b-veto": 3547.740234375, "muon-veto": 3274.830078125, "electron-veto": 2996.0, "photon": 2564.16015625, "AK8jet": 1276.5, "photon-jet_delta_phi": 1114.5899658203125}}