{"mc_2018_ZpToHGamma": {"n_events": 7968.0, "triggered": 6651.76025390625, "b-veto": 3376.81005859375, "muon-veto": 3110.900146484375, "electron-veto": 2841.06005859375, "photon": 2547.169921875, "AK8jet": 1275.5, "photon-jet_delta_phi": 1114.5899658203125}}