{"mc_2018_ZpToHGamma": {"n_events": 3990.0, "triggered": 3347.10009765625, "b-veto": 1685.5201416015625, "muon-veto": 1559.6400146484375, "electron-veto": 1429.6900634765625, "photon": 1283.7000732421875, "AK8jet": 643.8399658203125, "photon-jet_delta_phi": 577.8499755859375}}