{"mc_2018_ZpToHGamma": {"n_events": 3988.840087890625, "triggered": 3500.050048828125, "b-veto": 1781.490234375, "muon-veto": 1647.6201171875, "electron-veto": 1512.6700439453125, "photon": 1292.7000732421875, "AK8jet": 646.8399658203125}}