{"mc_2018_ZpToHGamma": {"n_events": 3988.0, "triggered": 3321.0703125, "photon": 2830.2802734375, "AK8jet": 1542.60009765625, "photon-jet_cleaning": 1532.60009765625}}