{"mc_2018_ZpToHGamma": {"n_events": 3988.0, "triggered": 3323.130126953125, "photon": 2833.330078125, "AK8jet": 1592.699951171875, "photon-jet_cleaning": 1585.699951171875}}