{"mc_2018_ZpToHGamma": {"n_events": 3990.0, "triggered": 3294.2099609375, "photon": 2779.309814453125, "AK8jet": 1565.619873046875, "photon-jet_cleaning": 1552.6298828125}}