{"mc_2018_ZpToHGamma": {"n_events": 3990.0, "triggered": 3308.04052734375, "photon": 2800.190185546875, "AK8jet": 1591.5999755859375, "photon-jet_cleaning": 1578.6099853515625}}