{"mc_2018_ZpToHGamma": {"n_events": 3990.0, "triggered": 3347.10009765625, "photon": 2852.2802734375, "AK8jet": 1561.619873046875, "photon-jet_cleaning": 1549.6199951171875}}