{"mc_2018_ZpToHGamma": {"n_events": 3986.0, "triggered": 3298.110107421875, "photon": 2811.280029296875, "AK8jet": 1574.5999755859375, "photon-jet_cleaning": 1558.5999755859375}}