{"mc_2018_ZpToHGamma": {"n_events": 17950.0, "triggered": 14910.349609375, "photon": 12645.2802734375, "AK8jet": 7088.91015625, "photon-jet_cleaning": 7025.93017578125}}