{"mc_2018_ZpToHGamma": {"n_events": 7968.0, "triggered": 6651.76025390625, "photon": 5657.169921875, "AK8jet": 3187.93994140625, "photon-jet_cleaning": 3163.9501953125}}