{"mc_2018_ZpToHGamma": {"n_events": 1993.4403076171875, "triggered": 1467.6800537109375, "b-veto": 767.800048828125, "muon-veto": 703.800048828125, "electron-veto": 623.8399658203125, "photon": 484.8599853515625, "AK8jet": 88.97000122070312, "photon-jet_delta_phi": 59.97999954223633}}