{"mc_2018_ZpToHGamma": {"n_events": 1994.0, "triggered": 1239.7100830078125, "b-veto": 645.81005859375, "muon-veto": 592.81005859375, "electron-veto": 528.8499755859375, "photon": 476.8599853515625, "AK8jet": 87.97000122070312, "photon-jet_delta_phi": 59.97999954223633}}