{"mc_2018_ZpToHGamma": {"n_events": 47912.0, "triggered": 30169.962890625, "b-veto": 15717.591796875, "muon-veto": 14497.03125, "electron-veto": 13269.400390625, "photon": 11762.8408203125, "AK8jet": 2295.26025390625, "photon-jet_delta_phi": 1794.51025390625}}