{"mc_2018_ZpToHGamma": {"n_events": 47897.11328125, "triggered": 35576.640625, "b-veto": 18716.861328125, "muon-veto": 17278.3515625, "electron-veto": 15834.7705078125, "photon": 11968.8203125, "AK8jet": 2311.26025390625, "photon-jet_delta_phi": 1803.51025390625}}