{"mc_2018_ZpToHGamma": {"n_events": 47912.0, "triggered": 30169.962890625, "photon": 25431.2109375, "AK8jet": 4392.720703125, "photon-jet_cleaning": 4192.810546875}}