{"mc_2018_ZpToHGamma": {"n_events": 1994.0, "triggered": 1239.7100830078125, "photon": 1042.7501220703125, "AK8jet": 176.95010375976562, "photon-jet_cleaning": 168.95010375976562}}