{"mc_2018_ZpToHGamma": {"n_events": 32831.7421875, "triggered": 29919.15234375, "b-veto": 15070.791015625, "muon-veto": 14019.140625, "electron-veto": 12938.5498046875, "photon": 11553.0302734375, "AK8jet": 7303.4501953125, "photon-jet_cleaning": 7156.669921875}}