{"mc_2018_ZpToHGamma": {"n_events": 5967.56103515625, "triggered": 5416.9912109375, "b-veto": 2771.720703125, "muon-veto": 2603.8203125, "electron-veto": 2405.990234375, "photon": 2115.120361328125, "AK8jet": 1305.47021484375, "photon-jet_cleaning": 1275.490234375}}