{"mc_2018_ZpToHGamma": {"n_events": 8947.1015625, "triggered": 8169.541015625, "b-veto": 4186.720703125, "muon-veto": 3894.8603515625, "electron-veto": 3576.96044921875, "photon": 3210.100341796875, "AK8jet": 2030.3802490234375, "photon-jet_cleaning": 1982.4102783203125}}