{"mc_2018_ZpToHGamma": {"n_events": 1993.4403076171875, "triggered": 1467.6800537109375, "b-veto": 767.800048828125, "muon-veto": 703.800048828125, "electron-veto": 623.8399658203125, "photon": 492.8800048828125, "AK8jet": 91.97999572753906, "photon-jet_cleaning": 85.97999572753906}}