{"mc_2018_ZpToHGamma": {"n_events": 47897.11328125, "triggered": 35576.640625, "b-veto": 18716.861328125, "muon-veto": 17278.3515625, "electron-veto": 15834.7705078125, "photon": 12253.720703125, "AK8jet": 2386.240234375, "photon-jet_cleaning": 2280.290283203125}}