{"mc_2018_ZpToHGamma": {"n_events": 4874.03076171875, "triggered": 4591.3408203125, "b-veto": 2496.10009765625, "muon-veto": 2373.110107421875, "electron-veto": 2221.190185546875, "photon": 1999.250244140625, "AK8jet": 1441.47021484375, "photon-jet_cleaning": 1404.520263671875}}