{"mc_2018_ZpToHGamma": {"n_events": 9766.291015625, "triggered": 9132.890625, "b-veto": 4939.16064453125, "muon-veto": 4704.23046875, "electron-veto": 4417.37060546875, "photon": 3945.6005859375, "AK8jet": 2889.0, "photon-jet_cleaning": 2819.0302734375}}