{"mc_2017_ZpToHGamma": {"n_events": 49884.0, "triggered": 39567.9296875, "photon": 33354.93359375, "AK8jet": 16154.9609375, "photon-jet_cleaning": 16019.0205078125}}