{"mc_2018_ZpToHGamma": {"n_events": 14365.591796875, "triggered": 13467.6044921875, "b-veto": 7450.16650390625, "muon-veto": 7208.24658203125, "electron-veto": 6852.44091796875, "photon": 6067.7001953125, "AK8jet": 4475.240234375, "photon-jet_cleaning": 4401.390625}}