{"mc_2018_ZpToHGamma": {"n_events": 20084.15234375, "triggered": 18904.19921875, "b-veto": 10609.5146484375, "muon-veto": 10208.6640625, "electron-veto": 9649.013671875, "photon": 8618.626953125, "AK8jet": 6425.4072265625, "photon-jet_cleaning": 6272.5966796875}}