{"mc_2018_ZpToHGamma": {"n_events": 2346.0, "triggered": 2210.162841796875, "b-veto": 1365.502685546875, "muon-veto": 1338.53271484375, "electron-veto": 1269.5902099609375, "photon": 1088.66015625, "AK8jet": 870.7001953125, "photon-jet_delta_phi": 834.740234375}}