{"mc_2018_ZpToHGamma": {"n_events": 2346.012939453125, "triggered": 2211.14306640625, "b-veto": 1367.482666015625, "muon-veto": 1340.5126953125, "electron-veto": 1270.5802001953125, "photon": 1088.66015625, "AK8jet": 870.7001953125}}