{"mc_2018_ZpToHGamma": {"n_events": 2336.0, "triggered": 2198.086181640625, "b-veto": 1330.3505859375, "muon-veto": 1301.360595703125, "electron-veto": 1223.400390625, "photon": 1051.496337890625, "AK8jet": 791.6194458007812, "photon-jet_delta_phi": 753.62939453125}}