{"mc_2018_ZpToHGamma": {"n_events": 2350.0, "triggered": 2210.08447265625, "b-veto": 1366.330078125, "muon-veto": 1333.35009765625, "electron-veto": 1284.380126953125, "photon": 1104.460205078125, "AK8jet": 861.6199951171875, "photon-jet_delta_phi": 823.6300048828125}}