{"mc_2018_ZpToHGamma": {"n_events": 2350.96435546875, "triggered": 2214.08447265625, "b-veto": 1369.330078125, "muon-veto": 1336.35009765625, "electron-veto": 1287.380126953125, "photon": 1105.460205078125, "AK8jet": 861.6199951171875, "photon-jet_delta_phi": 823.6300048828125}}