{"mc_2018_ZpToHGamma": {"n_events": 11508.0, "triggered": 10836.71484375, "b-veto": 6637.6123046875, "muon-veto": 6499.662109375, "electron-veto": 6213.74267578125, "photon": 5377.0986328125, "AK8jet": 4097.4873046875, "photon-jet_delta_phi": 3961.536865234375}}