{"mc_2018_ZpToHGamma": {"n_events": 11520.0244140625, "triggered": 10840.744140625, "b-veto": 6638.6328125, "muon-veto": 6499.68212890625, "electron-veto": 6213.7626953125, "photon": 5377.1083984375, "AK8jet": 4098.4873046875}}