{"mc_2018_ZpToHGamma": {"n_events": 2342.0, "triggered": 2219.26025390625, "b-veto": 1346.5400390625, "muon-veto": 1315.5499267578125, "electron-veto": 1244.6099853515625, "photon": 1072.659912109375, "AK8jet": 826.7700805664062, "photon-jet_delta_phi": 789.7801513671875}}