{"mc_2018_ZpToHGamma": {"n_events": 2341.199951171875, "triggered": 2222.240234375, "b-veto": 1347.530029296875, "muon-veto": 1316.5399169921875, "electron-veto": 1245.5999755859375, "photon": 1072.659912109375, "AK8jet": 826.7700805664062, "photon-jet_delta_phi": 789.7801513671875}}