{"mc_2018_ZpToHGamma": {"n_events": 17642.4140625, "triggered": 16625.255859375, "b-veto": 10227.927734375, "muon-veto": 10025.09765625, "electron-veto": 9571.267578125, "photon": 8234.8125, "AK8jet": 6428.638671875}}