{"mc_2018_ZpToHGamma": {"n_events": 17620.0, "triggered": 16610.275390625, "b-veto": 10215.947265625, "muon-veto": 10015.107421875, "electron-veto": 9563.27734375, "photon": 8233.8125, "AK8jet": 6428.638671875, "photon-jet_delta_phi": 6151.70361328125}}