{"mc_2018_ZpToHGamma": {"n_events": 2342.0, "triggered": 2219.26025390625, "photon": 1823.4300537109375, "AK8jet": 1493.5401611328125, "photon-jet_cleaning": 1492.540283203125}}