{"mc_2018_ZpToHGamma": {"n_events": 17620.0, "triggered": 16610.275390625, "photon": 13597.767578125, "AK8jet": 11068.951171875, "photon-jet_cleaning": 11057.9638671875}}