{"mc_2018_ZpToHGamma": {"n_events": 2346.0, "triggered": 2210.162841796875, "photon": 1777.4129638671875, "AK8jet": 1464.5428466796875, "photon-jet_cleaning": 1462.5428466796875}}