{"mc_2018_ZpToHGamma": {"n_events": 11508.0, "triggered": 10836.71484375, "photon": 8886.6669921875, "AK8jet": 7071.70263671875, "photon-jet_cleaning": 7067.712890625}}