{"mc_2018_ZpToHGamma": {"n_events": 2350.0, "triggered": 2210.08447265625, "photon": 1795.3043212890625, "AK8jet": 1441.484130859375, "photon-jet_cleaning": 1439.4942626953125}}