{"mc_2018_ZpToHGamma": {"n_events": 2336.0, "triggered": 2198.086181640625, "photon": 1798.2919921875, "AK8jet": 1418.48486328125, "photon-jet_cleaning": 1415.48486328125}}