{"mc_2017_ZpToHGamma": {"n_events": 44542.0, "triggered": 41832.62890625, "photon": 34295.12890625, "AK8jet": 27334.537109375, "photon-jet_cleaning": 27268.595703125}}