{"mc_2017_ZpToHGamma": {"n_events": 11974.0, "triggered": 7646.05029296875, "photon": 6402.3701171875, "AK8jet": 1069.6298828125, "photon-jet_cleaning": 1034.6300048828125}}