{"mc_2017_ZpToHGamma": {"n_events": 2996.0, "triggered": 1885.4599609375, "photon": 1593.56005859375, "AK8jet": 277.91998291015625, "photon-jet_cleaning": 264.91998291015625}}