{"mc_2017_ZpToHGamma": {"n_events": 14978.0, "triggered": 9475.55078125, "photon": 7903.05078125, "AK8jet": 1336.580078125, "photon-jet_cleaning": 1285.610107421875}}