{"mc_2017_ZpToHGamma": {"n_events": 1996.0, "triggered": 1256.66015625, "photon": 1060.7100830078125, "AK8jet": 163.94000244140625, "photon-jet_cleaning": 159.94000244140625}}