{"mc_2017_ZpToHGamma": {"n_events": 2996.0, "triggered": 1916.6201171875, "photon": 1626.68017578125, "AK8jet": 293.94000244140625, "photon-jet_cleaning": 282.94000244140625}}