{"mc_2017_ZpToHGamma": {"n_events": 8986.0, "triggered": 5738.5400390625, "photon": 4825.8203125, "AK8jet": 821.72998046875, "photon-jet_cleaning": 787.72998046875}}