{"mc_2017_ZpToHGamma": {"n_events": 5986.0, "triggered": 3815.9501953125, "photon": 3185.2001953125, "AK8jet": 574.800048828125, "photon-jet_cleaning": 554.820068359375}}