{"mc_2018_ZpToHGamma": {"n_events": 47164.0, "triggered": 44248.203125, "b-veto": 25060.97265625, "muon-veto": 24204.2734375, "electron-veto": 22944.93359375, "photon": 20103.02734375, "AK8jet": 15168.8056640625, "photon-jet_delta_phi": 14155.71484375}}