{"mc_2018_ZpToHGamma": {"n_events": 47151.2265625, "triggered": 44373.09765625, "b-veto": 25159.8828125, "muon-veto": 24299.193359375, "electron-veto": 23032.86328125, "photon": 20117.015625, "AK8jet": 15172.8056640625}}