{"mc_2018_ZpToHGamma": {"n_events": 47164.0, "triggered": 44248.203125, "photon": 36662.84765625, "AK8jet": 29082.4375, "photon-jet_cleaning": 29023.51953125}}